,university,course,type,review,votes,students,difficulty
0,University of Michigan,Python for Everybody,SPECIALIZATION,4.8,225236.0,2400000.0,Beginner
1,Google,Google IT Automation with Python,PROFESSIONAL CERTIFICATE,4.7,21768.0,410000.0,Beginner
2,University of Michigan,Python 3 Programming,SPECIALIZATION,4.7,15904.0,290000.0,Beginner
3,University of Michigan,Applied Data Science with Python,SPECIALIZATION,4.5,29358.0,730000.0,Intermediate
4,Università di Napoli Federico II,Data Science con Python e R,SPECIALIZATION,,,,Intermediate
5,Google,Crash Course on Python,COURSE,4.8,17595.0,350000.0,Beginner
6,IBM,IBM Data Science,PROFESSIONAL CERTIFICATE,4.6,74747.0,830000.0,Beginner
7,University of Michigan,Programming for Everybody (Getting Started with Python),COURSE,4.8,189604.0,2200000.0,Mixed
8,IBM,Data Science Fundamentals with Python and SQL,SPECIALIZATION,4.6,37454.0,450000.0,Beginner
9,IBM,IBM Data Analyst,PROFESSIONAL CERTIFICATE,4.6,36275.0,510000.0,Beginner
10,IBM,"Python for Data Science, AI & Development",COURSE,4.6,21662.0,300000.0,Beginner
11,University of Pennsylvania,Introduction to Programming with Python and Java,SPECIALIZATION,4.0,179.0,11000.0,Beginner
12,Moscow Institute of Physics and Technology,Программирование на Python,SPECIALIZATION,4.5,1695.0,71000.0,Intermediate
13,University of Michigan,Statistics with Python,SPECIALIZATION,4.6,2359.0,92000.0,Beginner
14,"University of California, Irvine",IELTS Preparation,SPECIALIZATION,4.5,50.0,4000.0,Beginner
15,Rice University,Introduction to Scripting in Python,SPECIALIZATION,4.7,3460.0,100000.0,Beginner
16,University of California San Diego,Data Structures and Algorithms,SPECIALIZATION,4.6,13335.0,490000.0,Intermediate
17,University of Colorado Boulder,Data Structures and Algorithms,SPECIALIZATION,4.4,8.0,1600.0,Advanced
18,Pontificia Universidad Católica de Chile,Introducción a la programación en Python I: Aprendiendo a programar con Python,COURSE,4.4,2768.0,170000.0,Beginner
19,Codio,Programming in Python: A Hands-on Introduction,SPECIALIZATION,4.7,23.0,1600.0,Beginner
20,University of Michigan,Python Basics,COURSE,4.8,12882.0,250000.0,Beginner
21,The Hong Kong University of Science and Technology,Python and Statistics for Financial Analysis,COURSE,4.4,2522.0,93000.0,Intermediate
22,DeepLearning.AI,Deep Learning,SPECIALIZATION,4.8,123216.0,1100000.0,Intermediate
23,Coursera Project Network,Introduction to Python,GUIDED PROJECT,4.5,1634.0,26000.0,Beginner
24,Infosec,Python for Cybersecurity,SPECIALIZATION,4.6,16.0,,Intermediate
25,University of Michigan,Django for Everybody,SPECIALIZATION,4.7,1367.0,55000.0,Intermediate
26,Coursera Project Network,COVID19 Data Analysis Using Python,GUIDED PROJECT,4.6,1791.0,26000.0,Intermediate
27,IBM,IBM Full Stack Cloud Developer,PROFESSIONAL CERTIFICATE,4.6,22680.0,340000.0,Beginner
28,HSE University,Основы программирования на Python,COURSE,4.5,2712.0,130000.0,Beginner
29,Wesleyan University,Python Programming: A Concise Introduction,COURSE,4.7,4265.0,160000.0,Beginner
30,Universidad Austral,Aprende a programar con Python,SPECIALIZATION,4.5,1714.0,43000.0,Beginner
31,IBM,Advanced Data Science with IBM,SPECIALIZATION,4.3,2705.0,110000.0,Advanced
32,University of Pennsylvania,Introduction to Python Programming,COURSE,3.9,129.0,8100.0,Beginner
33,Rice University,Fundamentals of Computing,SPECIALIZATION,4.8,3660.0,240000.0,Beginner
34,EDHEC Business School,Investment Management with Python and Machine Learning,SPECIALIZATION,4.6,1227.0,42000.0,Beginner
35,Coursera Project Network,Create Your First Web App with Python and Flask,GUIDED PROJECT,4.5,377.0,12000.0,Intermediate
36,Coursera Project Network,Exploratory Data Analysis With Python and Pandas,GUIDED PROJECT,4.6,217.0,5800.0,Beginner
37,University of Michigan,Introduction to Data Science in Python,COURSE,4.5,24033.0,600000.0,Intermediate
38,University of Michigan,Python Classes and Inheritance,COURSE,4.7,2954.0,64000.0,Intermediate
39,Universidade de São Paulo,Introdução à Ciência da Computação com Python Parte 1,COURSE,4.9,5293.0,160000.0,Beginner
40,University of Michigan,Python Data Structures,COURSE,4.9,84054.0,750000.0,Mixed
41,University of Michigan,PostgreSQL for Everybody,SPECIALIZATION,4.8,139.0,5000.0,Intermediate
42,Universidad de los Andes,Programación en Python,COURSE,4.9,9.0,3200.0,Beginner
43,University of Toronto,Learn to Program: The Fundamentals,COURSE,4.7,4982.0,240000.0,Beginner
44,Google Cloud,Advanced Machine Learning on Google Cloud,SPECIALIZATION,4.5,2060.0,62000.0,Advanced
45,Moscow Institute of Physics and Technology,Погружение в Python,COURSE,4.6,1516.0,59000.0,Intermediate
46,IBM,Databases and SQL for Data Science with Python,COURSE,4.7,13319.0,190000.0,Beginner
47,IBM,Data Analysis and Visualization Foundations,SPECIALIZATION,4.7,3203.0,84000.0,Beginner
48,IBM,IBM AI Engineering,PROFESSIONAL CERTIFICATE,4.6,12323.0,230000.0,Intermediate
49,University of Pennsylvania,Data Analysis Using Python,COURSE,4.5,46.0,2100.0,Beginner
50,IBM,Python Project for Data Science,COURSE,4.3,635.0,18000.0,Intermediate
51,University of Michigan,Using Python to Access Web Data,COURSE,4.8,40437.0,500000.0,Mixed
52,IBM,Data Analysis with Python,COURSE,4.7,13424.0,190000.0,Beginner
53,Google,Using Python to Interact with the Operating System,COURSE,4.7,3648.0,96000.0,Beginner
54,Amazon Web Services,Building Modern Python Applications on AWS,COURSE,4.5,480.0,66000.0,Intermediate
55,University of London,Foundations of Data Science: K-Means Clustering in Python,COURSE,4.7,310.0,17000.0,Beginner
56,University of Michigan,Using Databases with Python,COURSE,4.8,19642.0,370000.0,Mixed
57,IBM,Fundamentos de Ciencia de Datos con Python y SQL,SPECIALIZATION,4.4,31.0,,Beginner
58,IBM,Data Visualization with Python,COURSE,4.5,9203.0,120000.0,Intermediate
59,University of Michigan,Understanding and Visualizing Data with Python,COURSE,4.7,1962.0,84000.0,Beginner
60,EDHEC Business School,Introduction to Portfolio Construction and Analysis with Python,COURSE,4.8,996.0,35000.0,Mixed
61,University of Michigan,"Capstone: Retrieving, Processing, and Visualizing Data with Python",COURSE,4.7,11457.0,190000.0,Mixed
62,University of Michigan,"Python Functions, Files, and Dictionaries",COURSE,4.8,4174.0,73000.0,Beginner
63,University of Alberta,"Problem Solving, Python Programming, and Video Games",COURSE,4.2,104.0,23000.0,Beginner
64,University of Michigan,"Applied Plotting, Charting & Data Representation in Python",COURSE,4.5,5692.0,150000.0,Intermediate
65,Moscow Institute of Physics and Technology,Математика и Python для анализа данных,COURSE,4.8,5482.0,85000.0,Beginner
66,Coursera Project Network,Create Your First Chatbot with Rasa and Python,GUIDED PROJECT,4.5,749.0,16000.0,Beginner
67,LearnQuest,Python Scripting for DevOps,SPECIALIZATION,3.9,11.0,,Beginner
68,University of Michigan,Data Collection and Processing with Python,COURSE,4.7,3184.0,54000.0,Intermediate
69,University of Michigan,Design Computing: 3D Modeling in Rhinoceros with Python/Rhinoscript,COURSE,5.0,33.0,4900.0,Mixed
70,Rice University,Python Programming Essentials,COURSE,4.8,2853.0,68000.0,Beginner
71,IBM,Statistics for Data Science with Python,COURSE,4.6,106.0,5300.0,Mixed
72,National Taiwan University,用 Python 做商管程式設計（一）(Programming for Business Computing in Python (1)),COURSE,4.9,522.0,19000.0,Beginner
73,Johns Hopkins University,Python for Genomic Data Science,COURSE,4.3,1301.0,41000.0,Mixed
74,Coursera Project Network,Build a Data Science Web App with Streamlit and Python,GUIDED PROJECT,4.6,600.0,14000.0,Intermediate
75,University of Michigan,Inferential Statistical Analysis with Python,COURSE,4.6,698.0,28000.0,Intermediate
76,Coursera Project Network,Python for Data Analysis: Pandas & NumPy,GUIDED PROJECT,4.3,15.0,,Beginner
77,IBM,Python Project for Data Engineering,COURSE,4.7,33.0,1500.0,Intermediate
78,IBM,Python Project for AI & Application Development,COURSE,4.6,28.0,2400.0,Intermediate
79,Google,Automating Real-World Tasks with Python,COURSE,4.8,1463.0,38000.0,Beginner
80,EDHEC Business School,Advanced Portfolio Construction and Analysis with Python,COURSE,4.8,376.0,13000.0,Intermediate
81,Moscow Institute of Physics and Technology,ООП и паттерны проектирования в Python,COURSE,3.9,288.0,12000.0,Intermediate
82,Coursera Project Network,Learn Python with no prior programming experience,GUIDED PROJECT,3.8,41.0,,Beginner
83,University of Michigan,"Python Project: pillow, tesseract, and opencv",COURSE,4.0,1553.0,47000.0,Intermediate
84,Coursera Project Network,Build a Working Chatbot in Python,GUIDED PROJECT,1.7,7.0,,Intermediate
85,Nanjing University,Data Processing Using Python,COURSE,4.2,214.0,43000.0,Beginner
86,Moscow Institute of Physics and Technology,Создание Web-сервисов на Python,COURSE,4.1,130.0,12000.0,Intermediate
87,Codio,Python Basics: Selection and Iteration,COURSE,4.8,19.0,,Beginner
88,Coursera Project Network,Introduction to Reinforcement Learning in Python,GUIDED PROJECT,3.5,51.0,2500.0,Intermediate
89,University of Michigan,Applied Text Mining in Python,COURSE,4.2,3496.0,110000.0,Intermediate
90,Rice University,An Introduction to Interactive Programming in Python (Part 1),COURSE,4.8,3006.0,190000.0,Mixed
91,Coursera Project Network,A Beginners Guide to Python for Financial Analysis,GUIDED PROJECT,3.3,7.0,,Beginner
92,Moscow Institute of Physics and Technology,Python для анализа данных,COURSE,4.5,97.0,12000.0,Intermediate
93,Coursera Project Network,Game Theory with Python,GUIDED PROJECT,4.3,66.0,6300.0,Intermediate
94,University of California San Diego,Python Data Products for Predictive Analytics,SPECIALIZATION,4.2,207.0,23000.0,Intermediate
95,The University of Chicago,Global Warming II: Create Your Own Models in Python,COURSE,4.2,48.0,11000.0,Mixed
96,"University of California, Irvine",The Raspberry Pi Platform and Python Programming for the Raspberry Pi,COURSE,4.7,2546.0,110000.0,Mixed
97,HSE University,Python как иностранный,COURSE,,,2200.0,Beginner
98,Coursera Project Network,Web Scraping with Python + BeautifulSoup,GUIDED PROJECT,3.7,110.0,5100.0,Intermediate
99,Nanjing University,用Python玩转数据 Data Processing Using Python,COURSE,4.7,1407.0,73000.0,Mixed
100,Universidad Austral,Introducción a la programación con Python,COURSE,4.6,1418.0,35000.0,Beginner
101,Rice University,Python Data Analysis,COURSE,4.7,767.0,30000.0,Beginner
102,University of Michigan,Programmation pour tous (mise en route de Python),COURSE,,,,Mixed
103,Coursera Project Network,COVID19 Data Visualization Using Python,GUIDED PROJECT,4.6,62.0,2900.0,Intermediate
104,University of Illinois at Urbana-Champaign,Accounting Data Analytics with Python,COURSE,4.1,46.0,7300.0,Intermediate
105,Coursera Project Network,Sentimental Analysis on COVID-19 Tweets using python,GUIDED PROJECT,4.7,28.0,,Intermediate
106,Coursera Project Network,Create Interactive Dashboards with Streamlit and Python,GUIDED PROJECT,4.7,342.0,8100.0,Intermediate
107,Coursera Project Network,Build a Recommender System in Python,GUIDED PROJECT,2.1,7.0,,Intermediate
108,Infosec,Introduction to Python for Cybersecurity,COURSE,4.6,13.0,,Intermediate
109,National Taiwan University,用 Python 做商管程式設計（二）(Programming for Business Computing in Python (2)),COURSE,4.6,187.0,6000.0,Intermediate
110,Università di Napoli Federico II,Python: Istruzioni per l’uso,COURSE,,,,Beginner
111,Rice University,Python Data Representations,COURSE,4.7,1003.0,20000.0,Beginner
112,Coursera Project Network,perform an A/B Test for an ad campaign using python,GUIDED PROJECT,,,,Beginner
113,Coursera Project Network,Build a Machine Learning Web App with Streamlit and Python,GUIDED PROJECT,4.7,341.0,9500.0,Intermediate
114,IBM,Анализ данных с использованием Python,COURSE,,,,Beginner
115,Coursera Project Network,"Classification Trees in Python, From Start To Finish",GUIDED PROJECT,4.6,215.0,8800.0,Intermediate
116,Coursera Project Network,Create Your First Game with Python,GUIDED PROJECT,4.5,539.0,12000.0,Intermediate
117,Coursera Project Network,Create an interactive fiction adventure game with Python,GUIDED PROJECT,4.6,67.0,2800.0,Beginner
118,Coursera Project Network,Image Compression and Generation using Variational Autoencoders in Python,GUIDED PROJECT,4.7,68.0,3100.0,Intermediate
119,Coursera Project Network,Python for Data Visualization: Matplotlib & Seaborn,GUIDED PROJECT,4.7,6.0,,Beginner
120,Coursera Project Network,Python for Finance: Beta and Capital Asset Pricing Model,GUIDED PROJECT,4.7,10.0,,Beginner
121,Coursera Project Network,Neural Network Visualizer Web App with Python,GUIDED PROJECT,4.5,226.0,6400.0,Intermediate
122,Coursera Project Network,Logistic Regression with Python and Numpy,GUIDED PROJECT,4.5,136.0,5400.0,Intermediate
123,Coursera Project Network,Introduction to Customer Segmentation in Python,GUIDED PROJECT,4.7,11.0,,Beginner
124,IBM,Python para Data Science y AI,COURSE,4.9,13.0,,Beginner
125,Infosec,"Python for Command-and-control, Exfiltration and Impact",COURSE,,,,Intermediate
126,Coursera Project Network,Create Your First Python Program,GUIDED PROJECT,4.6,1950.0,24000.0,Beginner
127,Coursera Project Network,Predict electricity consumption in Python using Scikit-Learn,GUIDED PROJECT,4.3,23.0,,Beginner
128,Coursera Project Network,"Reverse and complement nucleic acid sequences (DNA, RNA) using Python",GUIDED PROJECT,4.5,28.0,,Beginner
129,EDHEC Business School,Python and Machine Learning for Asset Management,COURSE,3.0,250.0,11000.0,Intermediate
130,University of Illinois at Urbana-Champaign,Machine Learning for Accounting with Python,COURSE,4.6,25.0,5800.0,Intermediate
131,LearnQuest,Introduction to Python Scripting for DevOps,COURSE,4.0,6.0,,Beginner
132,Universidad Austral,Programación Orientada a Objetos con Python,COURSE,4.0,199.0,12000.0,Beginner
133,National Taiwan University,用 Python 做商管程式設計（三）(Programming for Business Computing in Python (3)),COURSE,4.9,115.0,4600.0,Mixed
134,Rice University,An Introduction to Interactive Programming in Python (Part 2),COURSE,4.9,1124.0,45000.0,Beginner
135,Coursera Project Network,Dimensionality Reduction using an Autoencoder in Python,GUIDED PROJECT,4.6,91.0,3100.0,Intermediate
136,Coursera Project Network,Data Visualization with Python,GUIDED PROJECT,4.5,226.0,6600.0,Intermediate
137,Coursera Project Network,Python Pandas Basics: Load and Export Data,GUIDED PROJECT,4.4,7.0,,Beginner
138,Coursera Project Network,Facebook Network Analysis using Python and Networkx,GUIDED PROJECT,,,,Intermediate
139,Coursera Project Network,Traffic Sign Classification Using Deep Learning in Python/Keras,GUIDED PROJECT,4.6,340.0,9900.0,Intermediate
140,Coursera Project Network,Use Python Unit Test to Demonstrate TDD,GUIDED PROJECT,,,,Intermediate
141,Infosec,Python for Active Defense,COURSE,,,,Intermediate
142,Coursera Project Network,Automatic Machine Learning with H2O AutoML and Python,GUIDED PROJECT,4.8,130.0,6000.0,Intermediate
143,Coursera Project Network,Linear Regression with NumPy and Python,GUIDED PROJECT,4.4,829.0,16000.0,Intermediate
144,IBM,Python para a Ciência de Dados e IA,COURSE,,,,Beginner
145,IBM,Análisis de datos con Python,COURSE,4.9,7.0,,Beginner
146,IBM,Estadísticas para la Ciencia de Datos con Python,COURSE,,,,Mixed
147,HSE University,Сбор и анализ данных в Python,COURSE,,,,Intermediate
148,Coursera Project Network,"Cleaning, Reshaping, and Expanding Datasets in Python",GUIDED PROJECT,4.3,18.0,,Intermediate
149,Coursera Project Network,Image Denoising Using AutoEncoders in Keras and Python,GUIDED PROJECT,4.5,254.0,6400.0,Intermediate
150,Coursera Project Network,Web Services Analysis With Python & Wireshark,GUIDED PROJECT,3.5,10.0,,Beginner
151,Coursera Project Network,Snake game in Python: use Pygame to build your game,GUIDED PROJECT,,,,Intermediate
152,Coursera Project Network,Statistical Analysis using Python Numpy,GUIDED PROJECT,,,,Intermediate
153,Coursera Project Network,Chicken Invaders Game in Python using Pygame,GUIDED PROJECT,,,,Beginner
154,LearnQuest,DevOps and Build Automation with Python,COURSE,,,,Beginner
155,Coursera Project Network,"Merge, Sort and Filter Data in Python Pandas",GUIDED PROJECT,4.4,84.0,3000.0,Intermediate
156,Coursera Project Network,Use Python Regular Expressions to Process File Data,GUIDED PROJECT,,,,Intermediate
157,Coursera Project Network,Basic Artificial Neural Networks in Python,GUIDED PROJECT,4.1,148.0,7100.0,Intermediate
158,Coursera Project Network,Simulating Viral Pandemics in Python,GUIDED PROJECT,3.7,24.0,,Intermediate
159,Coursera Project Network,Introduction to Statistics in Python,GUIDED PROJECT,,,,Intermediate
160,LearnQuest,"Python Scripting: Dates, Classes and Collections",COURSE,,,,Beginner
161,Coursera Project Network,Basic Statistics in Python (ANOVA),GUIDED PROJECT,4.4,18.0,,Beginner
162,Coursera Project Network,Machine Learning con Python. Nivel Avanzado,GUIDED PROJECT,,,,Intermediate
163,Codio,"Python Basic Structures: Lists, Strings, and Files",COURSE,,,,Beginner
164,Codio,Object-Oriented Python: Inheritance and Encapsulation,COURSE,,,,Intermediate
165,Codio,"Python Object Basics: Functions, Recursion, and Objects",COURSE,,,,Intermediate
166,Coursera Project Network,"Support Vector Machines in Python, From Start to Finish",GUIDED PROJECT,4.6,137.0,4300.0,Intermediate
167,Coursera Project Network,Aprendiendo Python con circuitos digitales,GUIDED PROJECT,4.8,20.0,,Beginner
168,Coursera Project Network,Aprendiendo Python con bases de datos,GUIDED PROJECT,4.6,10.0,,Beginner
169,Coursera Project Network,Aprendiendo Python con álgebra lineal,GUIDED PROJECT,4.6,16.0,,Beginner
170,Coursera Project Network,Use Python to Create a Web Testing Bot,GUIDED PROJECT,,,,Intermediate
171,Coursera Project Network,Python Basics: Create a Guessing Number Game from Scratch,GUIDED PROJECT,4.7,58.0,2900.0,Beginner
172,Coursera Project Network,Create a Python Application using MySQL,GUIDED PROJECT,4.4,108.0,4600.0,Intermediate
173,Coursera Project Network,Create a Memory Puzzle Game in Python Using Pygame,GUIDED PROJECT,4.3,31.0,1700.0,Intermediate
174,Coursera Project Network,Initiation Pratique à Python,GUIDED PROJECT,,,,Beginner
175,Coursera Project Network,Processing Data with Python,GUIDED PROJECT,4.4,186.0,5300.0,Intermediate
176,Coursera Project Network,Creating a Color Game in Python Using Tkinter GUI,GUIDED PROJECT,,,,Beginner
177,Coursera Project Network,GUI Programming: Create a Login System in Python,GUIDED PROJECT,,,,Intermediate
178,Coursera Project Network,Write your own Python tool to footprint a web application,GUIDED PROJECT,,,,Intermediate
179,Coursera Project Network,"Activity Recognition using Python, Tensorflow and Keras",GUIDED PROJECT,,,,Beginner
180,Coursera Project Network,Create Ping-Pong Game in Python using Turtle Graphics,GUIDED PROJECT,,,,Intermediate
181,Coursera Project Network,Python 101: Develop Your First Python Program,GUIDED PROJECT,4.7,22.0,,Beginner
182,Universidad Austral,Manejo de bases de datos con Python,COURSE,4.2,132.0,11000.0,Beginner
183,Universidad Austral,Estructuras de datos en Python,COURSE,4.5,313.0,13000.0,Beginner
184,LearnQuest,"Python Scripting: Files, Inheritance, and Databases",COURSE,,,,Beginner
185,Coursera Project Network,"Concepts in Python: Loops, Functions and Returns",GUIDED PROJECT,4.8,49.0,2100.0,Beginner
186,Coursera Project Network,Analyze Box Office Data with Seaborn and Python,GUIDED PROJECT,4.5,165.0,4000.0,Intermediate
187,Coursera Project Network,"Aprendiendo Python con textos, números y ecuaciones",GUIDED PROJECT,4.8,30.0,,Beginner
188,Coursera Project Network,Exception Handling in Python,GUIDED PROJECT,4.7,28.0,,Intermediate
189,Coursera Project Network,Logistic Regression with NumPy and Python,GUIDED PROJECT,4.5,376.0,11000.0,Beginner
190,Coursera Project Network,Compose and Program Music in Python using Earsketch,GUIDED PROJECT,4.5,305.0,8500.0,Beginner
191,University of Michigan,Programación para todos (Introducción a Python),COURSE,,,,Mixed
192,Coursera Project Network,Creating a Supermarket App Using Python,GUIDED PROJECT,,,,Intermediate
193,Coursera Community Project Network,Basic Data Analysis and Model Building using Python,GUIDED PROJECT,3.5,25.0,,Intermediate
194,Coursera Community Project Network,Basic calculations with Python in Kaggle,GUIDED PROJECT,4.3,7.0,,Beginner
195,IBM,Análise de dados com Python,COURSE,,,,Beginner
196,University of Michigan,Programação para todos (Conceitos básicos de Python),COURSE,,,,Mixed
197,University of Michigan,Программирование для всех (начало работы с Python),COURSE,,,,Mixed
198,University of Michigan,Estructuras de datos de Python,COURSE,,,,Mixed
199,IBM,Python: обработка и анализ данных и ИИ,COURSE,,,,Beginner
200,IBM,Машинное обучение с использованием Python,COURSE,,,,Intermediate
201,University of Michigan,Uso de bancos de dados com Python,COURSE,,,,Mixed
202,Coursera Project Network,Basic Statistics in Python (Correlations and T-tests),GUIDED PROJECT,4.3,15.0,,Beginner
203,Coursera Project Network,Create Python Linux Script to Generate a Disk Usage Report,GUIDED PROJECT,4.5,58.0,4200.0,Intermediate
204,Coursera Project Network,GUI programming: Create a Calculator in Python,GUIDED PROJECT,,,,Intermediate
205,IBM,Визуализация данных с помощью Python,COURSE,,,,Intermediate
206,Coursera Project Network,Python Dynamic HTML Web Server,GUIDED PROJECT,4.6,120.0,5800.0,Beginner
207,Coursera Project Network,Python Tricks and Hacks for Productivity,GUIDED PROJECT,4.0,76.0,3900.0,Intermediate
208,Coursera Project Network,Statistical Data Visualization in Python,GUIDED PROJECT,3.8,93.0,3500.0,Beginner
209,Coursera Project Network,Mining Data to Extract and Visualize Insights in Python,GUIDED PROJECT,4.2,108.0,3200.0,Beginner
210,Coursera Project Network,Simulating Time Series Data by Parallel Computing in Python,GUIDED PROJECT,4.9,8.0,,Intermediate
211,Coursera Project Network,Create a Tic-Tac-Toe game in Python,GUIDED PROJECT,,,,Intermediate
212,Coursera Project Network,"Python: Imputations, Feature Creation & Statistical Analysis",GUIDED PROJECT,4.2,25.0,2100.0,Intermediate
213,Coursera Project Network,Build a Bot in Python for Basic File and Interface Chores,GUIDED PROJECT,,,,Intermediate
214,Coursera Project Network,Exploring and Analyzing Fifa's Datasets Using Python,GUIDED PROJECT,,,,Beginner
215,University of Michigan,Работа с базами данных в Python,COURSE,,,,Mixed
216,Coursera Project Network,Build a User Interface using Python Language,GUIDED PROJECT,,,,Intermediate
217,Coursera Project Network,COVID-19 : Les séries temporelles avec Python et Pandas,GUIDED PROJECT,4.6,17.0,,Intermediate
218,Coursera Project Network,Plots Creation using Matplotlib Python,GUIDED PROJECT,,,,Beginner
219,Coursera Project Network,Aprendiendo Python con estadística descriptiva,GUIDED PROJECT,4.6,25.0,,Beginner
220,Coursera Project Network,Personal Desktop Notifier in Python: Covid-19 notifications,GUIDED PROJECT,,,,Intermediate
221,IBM,Visualização de dados com o Python,COURSE,,,,Intermediate
222,Coursera Project Network,Regex Python - Découvrir les Expressions Régulières,GUIDED PROJECT,4.8,9.0,,Beginner
223,Coursera Project Network,Nettoyer vos données avec Python,GUIDED PROJECT,,,,Beginner
224,Coursera Project Network,Create a Connect Four Game in Python using Pygame,GUIDED PROJECT,,,,Intermediate
225,Coursera Project Network,Dice Game in Python,GUIDED PROJECT,4.6,9.0,,Beginner
226,University of Michigan,Структуры данных Python,COURSE,,,,Mixed
227,Coursera Project Network,Enhance your python unit testing using Coverage,GUIDED PROJECT,,,,Intermediate
228,University of Michigan,Estruturas de dados Python,COURSE,,,,Mixed
229,Coursera Project Network,Analyser vos données avec Python,GUIDED PROJECT,,,,Beginner
230,Coursera Project Network,Data Processing using Python Collections,GUIDED PROJECT,,,,Intermediate
231,Coursera Project Network,Graficando con Python,GUIDED PROJECT,,,,Intermediate
232,University of Michigan,Python بُنى بيانات,COURSE,,,,Mixed
233,Coursera Project Network,Crea tu primer juego de adivinanza con Python,GUIDED PROJECT,,,,Beginner
234,Coursera Project Network,Build a Machine Learning Image Classifier with Python,GUIDED PROJECT,,,,Intermediate
235,Coursera Project Network,Regresión logística con NumPy y Python,GUIDED PROJECT,,,,Beginner
236,Coursera Project Network,Implementing Hangman Game Using Basics of Python 3,GUIDED PROJECT,4.5,24.0,,Beginner
237,Coursera Project Network,Primeros pasos en Python,GUIDED PROJECT,4.5,11.0,,Beginner
238,Coursera Project Network,أساسيات python: برمج لعبة تخمين الرقم من الصفر,GUIDED PROJECT,,,,Beginner
239,Coursera Project Network,Python برنامج لحل لعبة السودوكو بالذكاء الاصطناعى باستخدام,GUIDED PROJECT,,,,Intermediate
240,Coursera Project Network,Creating a Word Jumble Game in Python Using Tkinter GUI,GUIDED PROJECT,,,,Beginner
241,Coursera Project Network,Design and Develop an Obstacles Game using Pygame in Python,GUIDED PROJECT,,,,Intermediate
242,IBM,Machine Learning with Python,COURSE,4.7,11004.0,210000.0,Intermediate
243,University of Michigan,Applied Machine Learning in Python,COURSE,4.6,7342.0,230000.0,Intermediate
244,Coursera Project Network,Satellite Imagery Analysis in Python,GUIDED PROJECT,4.2,44.0,,Beginner
245,Universidade de São Paulo,Introdução à Ciência da Computação com Python Parte 2,COURSE,4.9,1045.0,21000.0,Beginner
246,Coursera Project Network,"Extract, Transform & Load using Python",GUIDED PROJECT,3.9,13.0,,Beginner
247,Coursera Project Network,Climate Geospatial Analysis on Python with Xarray,GUIDED PROJECT,4.6,18.0,,Intermediate
248,Coursera Project Network,Computer Vision - Image Basics with OpenCV and Python,GUIDED PROJECT,4.3,638.0,13000.0,Beginner
249,University of Michigan,Fitting Statistical Models to Data with Python,COURSE,4.4,533.0,23000.0,Intermediate
250,University of Michigan,Applied Social Network Analysis in Python,COURSE,4.7,2435.0,78000.0,Intermediate
251,Ludwig-Maximilians-Universität München (LMU),"Computers, Waves, Simulations: A Practical Introduction to Numerical Methods using Python",COURSE,4.7,250.0,13000.0,Intermediate
252,Coursera Project Network,Clustering Geolocation Data Intelligently in Python,GUIDED PROJECT,4.5,390.0,10000.0,Intermediate
253,Coursera Project Network,Network Data Science with NetworkX and Python,GUIDED PROJECT,4.3,76.0,4800.0,Intermediate
254,Coursera Project Network,Use Python Django to Build a Website,GUIDED PROJECT,4.1,8.0,,Intermediate
255,Coursera Project Network,Image Processing with Python,GUIDED PROJECT,4.3,429.0,11000.0,Intermediate
256,Coursera Project Network,Class Creation in Object Oriented Python,GUIDED PROJECT,4.3,72.0,2400.0,Beginner
257,EDHEC Business School,Python and Machine-Learning for Asset Management with Alternative Data Sets,COURSE,4.4,190.0,9400.0,Intermediate
258,Coursera Project Network,Introduction to Natural Language Processing in Python,GUIDED PROJECT,3.5,43.0,2600.0,Intermediate
259,Coursera Project Network,Linear Regression with Python,GUIDED PROJECT,4.6,400.0,9700.0,Intermediate
260,SAS,Using SAS Viya REST APIs with Python and R,COURSE,4.5,11.0,2800.0,Mixed
261,Coursera Project Network,Python OpenCV Augmented Reality,GUIDED PROJECT,,,,Beginner
262,Università di Napoli Federico II,Python per la Data Science,COURSE,,,,Intermediate
263,Coursera Project Network,Machine Learning Feature Selection in Python,GUIDED PROJECT,4.0,72.0,3800.0,Intermediate
264,Coursera Project Network,Python for Finance: Portfolio Statistical Data Analysis,GUIDED PROJECT,4.7,7.0,,Beginner
265,Coursera Project Network,Create your own Sudoku Solver using AI and Python,GUIDED PROJECT,4.2,30.0,2200.0,Intermediate
266,Coursera Project Network,Python OpenCV Motion Detection,GUIDED PROJECT,4.1,7.0,,Beginner
267,Coursera Project Network,Create a Python Application using PyMongo and MongoDB Database,GUIDED PROJECT,4.5,59.0,3000.0,Intermediate
268,Coursera Project Network,Building your first GAN in Python,GUIDED PROJECT,2.2,6.0,,Intermediate
269,Coursera Project Network,Working with Amazon DynamoDB using Python & Boto3,GUIDED PROJECT,,,,Beginner
270,Coursera Project Network,Robot Localization with Python and Particle Filters,GUIDED PROJECT,,,,Advanced
271,Coursera Project Network,Build a Python application(API) on AWS(Lambda+API Gateway),GUIDED PROJECT,4.1,16.0,,Beginner
272,Rice University,Python Data Visualization,COURSE,4.7,489.0,31000.0,Beginner
273,IBM,Visualización de Datos con Python,COURSE,4.8,6.0,,Intermediate
274,Coursera Project Network,Working with AWS S3 Buckets using Python & boto3,GUIDED PROJECT,,,,Beginner
275,Coursera Project Network,Build a Python GUI with Tkinter,GUIDED PROJECT,4.4,64.0,2900.0,Intermediate
276,Coursera Project Network,Language Classification with Naive Bayes in Python,GUIDED PROJECT,4.5,147.0,6000.0,Intermediate
277,Coursera Project Network,Procesamiento del lenguaje natural con Python y Power BI,GUIDED PROJECT,,,,Intermediate
278,Coursera Project Network,Detect Fake News in Python with Tensorflow,GUIDED PROJECT,,,,Intermediate
279,Coursera Project Network,Python Data Structures,GUIDED PROJECT,4.4,283.0,7700.0,Intermediate
280,Coursera Project Network,Big-O Time Complexity in Python Code,GUIDED PROJECT,4.6,17.0,,Intermediate
281,Coursera Project Network,Analysing Covid-19 Geospatial data with Python,GUIDED PROJECT,,,,Intermediate
282,Coursera Project Network,Python Optical Character Recognition using Pytorch,GUIDED PROJECT,,,,Beginner
283,Coursera Project Network,ML: Diagnose the presence of Breast Cancer with Python,GUIDED PROJECT,,,,Intermediate
284,Coursera Project Network,Testing and Debugging Python,GUIDED PROJECT,4.4,206.0,5800.0,Intermediate
285,Coursera Project Network,AWS Elastic Beanstalk:Deploy a Python(Flask) Web Application,GUIDED PROJECT,4.6,12.0,,Beginner
286,Coursera Project Network,Introduction to Search Techniques in Python: Binary Search,GUIDED PROJECT,,,,Beginner
287,Coursera Project Network,Create a Boggle Word Solver using recursion in Python,GUIDED PROJECT,4.3,22.0,2300.0,Intermediate
288,Coursera Project Network,"Creating a Rock, Paper, Scissors Game in Python",GUIDED PROJECT,,,,Beginner
289,Coursera Project Network,Analyze Box Office Data with Plotly and Python,GUIDED PROJECT,4.5,229.0,8400.0,Beginner
290,Coursera Project Network,Crea tu primera aplicación web con Python y Flask,GUIDED PROJECT,,,,Intermediate
291,Coursera Project Network,Create a Dynamic-Link Library with DevC++ for Python,GUIDED PROJECT,,,,Intermediate
292,IBM,Aprendizaje Automático con Python,COURSE,,,,Intermediate
293,University of Michigan,Uso de bases de datos con Python,COURSE,,,,Mixed
294,University of Michigan,Uso de Python para Acceder a Datos Web,COURSE,,,,Mixed
295,Coursera Project Network,Create Beautiful Data Visualizations with Python and Altair,GUIDED PROJECT,,,,Intermediate
296,Coursera Project Network,Video Basics with OpenCV and Python,GUIDED PROJECT,4.1,204.0,7200.0,Beginner
297,IBM,Aprendizado de máquina com Python,COURSE,,,,Intermediate
298,University of Michigan,Использование языка Python для доступа к веб-данным,COURSE,,,,Mixed
299,Coursera Project Network,Support Vector Machine Classification in Python,GUIDED PROJECT,4.4,141.0,5800.0,Intermediate
300,Coursera Project Network,Geo-Visualization in Python,GUIDED PROJECT,4.1,82.0,3800.0,Beginner
301,Coursera Project Network,Image Segmentation with Python and Unsupervised Learning,GUIDED PROJECT,,,,Intermediate
302,Coursera Project Network,Creating a Wordcloud using NLP and TF-IDF in Python,GUIDED PROJECT,,,,Beginner
303,Coursera Project Network,FIFA20 Data Exploration using Python,GUIDED PROJECT,4.6,48.0,1800.0,Beginner
304,Coursera Project Network,Version Control of a Python Project using Git,GUIDED PROJECT,4.4,28.0,1700.0,Intermediate
305,Coursera Project Network,Machine Learning con Python. Nivel intermedio,GUIDED PROJECT,,,,Beginner
306,Coursera Project Network,Determine Shortest Paths Between Routers Using Python,GUIDED PROJECT,,,,Intermediate
307,Coursera Project Network,Wrangling Data for Data Analysts with Python,GUIDED PROJECT,,,,Beginner
308,University of Michigan,Python استخدام قواعد البيانات مع,COURSE,,,,Mixed
309,Coursera Project Network,Use Python and Java to Create a GUI Application,GUIDED PROJECT,,,,Intermediate
310,Coursera Project Network,Visualización Avanzada de datos con Python,GUIDED PROJECT,,,,Intermediate
311,Coursera Project Network,Análisis exploratorio de datos con Python y Pandas,GUIDED PROJECT,,,,Beginner
312,Coursera Project Network,بناء Neural Network مكونه من 3 طبقات  بأستخدام لغة Python,GUIDED PROJECT,,,,Beginner
313,Coursera Project Network,Message Encoding/Decoding in Python with GUI,GUIDED PROJECT,,,,Beginner
314,Coursera Project Network,MatplotLib Python باستخدام  plots إنشاء ال,GUIDED PROJECT,,,,Beginner
315,Coursera Project Network,Python في Pygame تصميم و تطوير لعبة العقبات باستخدام,GUIDED PROJECT,,,,Intermediate
316,Coursera Project Network,Creando simulaciones con python,GUIDED PROJECT,,,,Intermediate
317,Coursera Project Network,برنامج تنبيه سطح المكتب باستخدام Python: إشعارات Covid-19,GUIDED PROJECT,,,,Intermediate
318,Coursera Project Network,Affectation de variable en Python,GUIDED PROJECT,,,,Beginner
319,Coursera Project Network,Python معالجة مسبقة للبيانات و تحليلها بواسطة,GUIDED PROJECT,,,,Beginner
320,Coursera Project Network,DataViz - Grammaire des Graphiques avec Python,GUIDED PROJECT,,,,Intermediate
321,Coursera Project Network,Création de chaînes en Python,GUIDED PROJECT,,,,Beginner
322,Coursera Project Network,Des nombres et plus en Python,GUIDED PROJECT,,,,Beginner
323,Coursera Project Network,لعبة الثعبان عن طريق python:استخدم pygame لتصنع لعبتك الخاصة,GUIDED PROJECT,,,,Intermediate
324,Coursera Project Network,Aprendizaje automático con Python y Azure Notebooks,GUIDED PROJECT,,,,Beginner
325,Coursera Project Network,Extract Text Data with Python and Regex,GUIDED PROJECT,,,,Intermediate
326,IBM,Introduction to Data Science,SPECIALIZATION,4.6,56644.0,540000.0,Beginner
327,Stanford University,Machine Learning,COURSE,4.9,160251.0,4200000.0,Mixed
328,IBM,Applied Data Science,SPECIALIZATION,4.6,30263.0,390000.0,Beginner
329,IBM,IBM Data Analytics with Excel and R,PROFESSIONAL CERTIFICATE,4.7,3213.0,85000.0,Beginner
330,IBM,Data Engineering Foundations,SPECIALIZATION,4.6,27106.0,380000.0,Beginner
331,IBM,IBM Cybersecurity Analyst,PROFESSIONAL CERTIFICATE,4.5,9308.0,180000.0,Beginner
332,IBM,IBM Applied AI,PROFESSIONAL CERTIFICATE,4.6,29756.0,430000.0,Beginner
333,Google Cloud,Preparing for Google Cloud Certification: Machine Learning Engineer,PROFESSIONAL CERTIFICATE,4.6,22128.0,310000.0,Intermediate
334,Johns Hopkins University,Genomic Data Science,SPECIALIZATION,4.4,4922.0,110000.0,Intermediate
335,IBM,IBM Machine Learning,PROFESSIONAL CERTIFICATE,4.6,387.0,19000.0,Intermediate
336,Imperial College London,Mathematics for Machine Learning,SPECIALIZATION,4.6,11387.0,270000.0,Beginner
337,IBM,Tools for Data Science,COURSE,4.5,21454.0,210000.0,Beginner
338,DeepLearning.AI,"Introduction to TensorFlow for Artificial Intelligence, Machine Learning, and Deep Learning",COURSE,4.7,15315.0,250000.0,Intermediate
339,HSE University,Advanced Machine Learning,SPECIALIZATION,4.4,3853.0,320000.0,Advanced
340,DeepLearning.AI,Convolutional Neural Networks,COURSE,4.9,38978.0,360000.0,Intermediate
341,"University of California, Santa Cruz",Coding for Everyone: C and C++,SPECIALIZATION,4.5,6252.0,340000.0,Beginner
342,Columbia University,Financial Engineering and Risk Management Part I,COURSE,4.6,2296.0,380000.0,Mixed
343,University of Pennsylvania,Computational Thinking for Problem Solving,COURSE,4.7,937.0,61000.0,Beginner
344,DeepLearning.AI,Sequence Models,COURSE,4.8,26685.0,290000.0,Intermediate
345,DeepLearning.AI,Build Basic Generative Adversarial Networks (GANs),COURSE,4.7,1094.0,29000.0,Intermediate
346,Imperial College London,TensorFlow 2 for Deep Learning,SPECIALIZATION,4.9,380.0,23000.0,Intermediate
347,University of Washington,Machine Learning,SPECIALIZATION,4.6,14847.0,410000.0,Intermediate
348,"University of California, Davis",Introduction to Web Development,COURSE,4.7,2894.0,160000.0,Beginner
349,HSE University,Mathematics for Data Science,SPECIALIZATION,4.4,722.0,57000.0,Beginner
350,University of Illinois at Urbana-Champaign,Accounting Data Analytics,SPECIALIZATION,4.7,403.0,26000.0,Intermediate
351,University of California San Diego,Biology Meets Programming: Bioinformatics for Beginners,COURSE,4.3,1189.0,120000.0,Beginner
352,DeepLearning.AI,"Sequences, Time Series and Prediction",COURSE,4.7,4007.0,79000.0,Intermediate
353,University of Washington,Computational Neuroscience,COURSE,4.6,856.0,86000.0,Beginner
354,IBM,Exploratory Data Analysis for Machine Learning,COURSE,4.6,305.0,14000.0,Intermediate
355,"University of California, Santa Cruz",Bayesian Statistics: From Concept to Data Analysis,COURSE,4.6,2713.0,120000.0,Intermediate
356,University of Pennsylvania,"Application of AI, InsurTech, and Real Estate Technology",COURSE,4.6,376.0,8600.0,Mixed
357,Amazon Web Services,Building Modern Node.js Applications on AWS,COURSE,4.4,31.0,5200.0,Intermediate
358,LearnQuest,Test-Driven Development,SPECIALIZATION,4.0,17.0,,Intermediate
359,Coursera Project Network,Fake News Detection with Machine Learning,GUIDED PROJECT,4.6,174.0,7700.0,Beginner
360,Northwestern University,"Modern Robotics, Course 1:  Foundations of Robot Motion",COURSE,4.7,658.0,32000.0,Intermediate
361,MongoDB Inc.,Introduction to MongoDB,COURSE,4.3,562.0,45000.0,Intermediate
362,Google Cloud,End-to-End Machine Learning with TensorFlow on GCP,COURSE,4.5,1547.0,50000.0,Advanced
363,CentraleSupélec,Build Your First Android App (Project-Centered Course),COURSE,4.2,1781.0,300000.0,Mixed
364,"University of California, Irvine",Data Science Fundamentals,SPECIALIZATION,4.2,63.0,3100.0,Beginner
365,HSE University,How to Win a Data Science Competition: Learn from Top Kagglers,COURSE,4.7,1085.0,100000.0,Advanced
366,Imperial College London,Probabilistic Deep Learning with TensorFlow 2,COURSE,4.6,41.0,6700.0,Advanced
367,Coursera Project Network,Basic Image Classification with TensorFlow,GUIDED PROJECT,4.6,666.0,14000.0,Beginner
368,University of Washington,Machine Learning: Regression,COURSE,4.8,5337.0,140000.0,Mixed
369,IBM,"Developing Applications with SQL, Databases, and Django",COURSE,4.8,19.0,1800.0,Intermediate
370,Coursera Project Network,Get Familiar with ML basics in a Kaggle Competition,GUIDED PROJECT,4.4,8.0,,Beginner
371,Coursera Project Network,Multiple Linear Regression with scikit-learn,GUIDED PROJECT,4.5,331.0,7200.0,Beginner
372,Google Cloud,Machine Learning with TensorFlow on Google Cloud Platform en Español,SPECIALIZATION,4.6,323.0,9100.0,Intermediate
373,Coursera Project Network,Exploratory Data Analysis,GUIDED PROJECT,4.3,114.0,4900.0,Intermediate
374,Princeton University,Computer Science: Programming with a Purpose,COURSE,4.7,487.0,98000.0,Beginner
375,Coursera Project Network,Develop a Company Website with Wix,GUIDED PROJECT,4.6,447.0,15000.0,Beginner
376,Coursera Project Network,Create a Google Ads Video Campaign,GUIDED PROJECT,4.7,40.0,1800.0,Beginner
377,Coursera Project Network,Deep Learning with PyTorch : Neural Style Transfer,GUIDED PROJECT,4.4,23.0,,Intermediate
378,Coursera Community Project Network,Developing Data Science Projects With Limited Computer Resources Using Google Colaboratory,GUIDED PROJECT,4.6,7.0,,Intermediate
379,Coursera Project Network,SQL Functions,GUIDED PROJECT,4.3,26.0,,Beginner
380,University of Washington,Data Science at Scale,SPECIALIZATION,4.2,886.0,81000.0,Intermediate
381,Google,Google IT Support,PROFESSIONAL CERTIFICATE,4.8,99156.0,900000.0,Beginner
382,Johns Hopkins University,"HTML, CSS, and Javascript for Web Developers",COURSE,4.8,11463.0,530000.0,Mixed
383,Stanford University,"Divide and Conquer, Sorting and Searching, and Randomized Algorithms",COURSE,4.8,4514.0,170000.0,Intermediate
384,New York Institute of Finance,Machine Learning for Trading,SPECIALIZATION,3.9,803.0,32000.0,Intermediate
385,Duke University,Introduction to Machine Learning,COURSE,4.7,2412.0,150000.0,Intermediate
386,Google Cloud,Getting Started with Google Sheets,COURSE,4.7,979.0,53000.0,Beginner
387,University of London,Machine Learning for All,COURSE,4.7,2498.0,90000.0,Beginner
388,Amazon Web Services,Getting Started with AWS Machine Learning,COURSE,4.5,5333.0,160000.0,Intermediate
389,Databricks,Introduction to Computational Statistics for Data Scientists,SPECIALIZATION,,,,Beginner
390,Google,Introduction to Git and GitHub,COURSE,4.8,4656.0,110000.0,Beginner
391,Pontificia Universidad Católica de Chile,English for Common Interactions in the Workplace: Basic Level,COURSE,4.7,646.0,56000.0,Mixed
392,Amazon Web Services,Building Modern Java Applications on AWS,COURSE,4.7,24.0,5400.0,Intermediate
393,University of Michigan,Web Application Technologies and Django,COURSE,4.7,1103.0,48000.0,Intermediate
394,Google Cloud,"Introduction to Trading, Machine Learning & GCP",COURSE,4.0,619.0,26000.0,Intermediate
395,IBM,Advanced Machine Learning and Signal Processing,COURSE,4.5,1131.0,36000.0,Advanced
396,University of California San Diego,Data Structures,COURSE,4.6,4212.0,190000.0,Intermediate
397,Saint Petersburg State University,Competitive Programmer's Core Skills,COURSE,4.6,266.0,38000.0,Intermediate
398,New York Institute of Finance,Using Machine Learning in Trading and Finance,COURSE,3.9,255.0,13000.0,Intermediate
399,University of Michigan,Building Web Applications in Django,COURSE,4.7,435.0,23000.0,Intermediate
400,New York Institute of Finance,Reinforcement Learning for Trading Strategies,COURSE,3.7,159.0,8700.0,Intermediate
401,New York University,Guided Tour of Machine Learning in Finance,COURSE,3.8,595.0,25000.0,Intermediate
402,Duke University,Cloud Computing Foundations,COURSE,5.0,13.0,,Beginner
403,Coursera Project Network,Bitcoin Price Prediction using Facebook Prophet,GUIDED PROJECT,4.5,34.0,,Beginner
404,Amazon Web Services,Building Modern .NET Applications on AWS,COURSE,,,,Intermediate
405,University of Washington,Machine Learning: Classification,COURSE,4.7,3561.0,110000.0,Mixed
406,Duke University,"Cloud Virtualization, Containers and APIs",COURSE,4.8,6.0,,Beginner
407,New York University,Fundamentals of Machine Learning in Finance,COURSE,3.8,290.0,15000.0,Intermediate
408,University of California San Diego,Advanced Algorithms and Complexity,COURSE,4.6,595.0,65000.0,Advanced
409,Duke University,Cloud Data Engineering,COURSE,,,,Intermediate
410,Rice University,Algorithmic Thinking (Part 1),COURSE,4.7,324.0,47000.0,Intermediate
411,Coursera Project Network,Data Visualization with Plotly Express,GUIDED PROJECT,4.7,255.0,6800.0,Intermediate
412,SberUniversity,Машинное обучение в финансах,COURSE,4.5,77.0,8100.0,Intermediate
413,Rice University,Algorithmic Thinking (Part 2),COURSE,4.7,199.0,21000.0,Intermediate
414,Coursera Project Network,Visualizing Filters of a CNN using TensorFlow,GUIDED PROJECT,5.0,6.0,,Intermediate
415,University of Michigan,Moneyball and Beyond,COURSE,,,,Mixed
416,DeepLearning.AI,DeepLearning.AI TensorFlow Developer,PROFESSIONAL CERTIFICATE,4.7,19270.0,290000.0,Intermediate
417,DeepLearning.AI,Natural Language Processing,SPECIALIZATION,4.6,3440.0,86000.0,Intermediate
418,University of Pennsylvania,Fintech: Foundations & Applications of Financial Technology,SPECIALIZATION,4.6,2148.0,45000.0,Beginner
419,University of Virginia,Digital Product Management,SPECIALIZATION,4.7,6772.0,250000.0,Beginner
420,Google Cloud,Preparing for Google Cloud Certification: Cloud DevOps Engineer,PROFESSIONAL CERTIFICATE,4.7,44641.0,570000.0,Beginner
421,Google Cloud,Preparing for Google Cloud Certification: Cloud Data Engineer,PROFESSIONAL CERTIFICATE,4.6,15009.0,210000.0,Intermediate
422,Google Cloud,"Data Engineering, Big Data, and Machine Learning on GCP",SPECIALIZATION,4.6,14796.0,210000.0,Intermediate
423,DeepLearning.AI,Neural Networks and Deep Learning,COURSE,4.9,106332.0,960000.0,Intermediate
424,DeepLearning.AI,TensorFlow: Advanced Techniques,SPECIALIZATION,4.8,564.0,15000.0,Intermediate
425,DeepLearning.AI,Generative Adversarial Networks (GANs),SPECIALIZATION,4.7,1277.0,31000.0,Intermediate
426,University at Buffalo,Blockchain,SPECIALIZATION,4.6,5888.0,140000.0,Intermediate
427,Macquarie University,Excel Skills for Data Analytics and Visualization,SPECIALIZATION,4.8,1238.0,54000.0,Intermediate
428,IBM,IBM Introduction to Machine Learning,SPECIALIZATION,4.6,361.0,16000.0,Intermediate
429,University of Toronto,Self-Driving Cars,SPECIALIZATION,4.7,2597.0,110000.0,Advanced
430,IBM,Security Analyst Fundamentals,SPECIALIZATION,4.6,973.0,21000.0,Beginner
431,University of California San Diego,Introduction to Discrete Mathematics for Computer Science,SPECIALIZATION,4.5,2891.0,140000.0,Beginner
432,DeepLearning.AI,"Improving Deep Neural Networks: Hyperparameter Tuning, Regularization and Optimization",COURSE,4.9,58461.0,400000.0,Intermediate
433,Atlassian,Agile with Atlassian Jira,COURSE,4.7,4041.0,93000.0,Beginner
434,University of Alberta,Software Product Management,SPECIALIZATION,4.7,9710.0,170000.0,Beginner
435,Google Cloud,Machine Learning with TensorFlow on Google Cloud Platform,SPECIALIZATION,4.5,8646.0,110000.0,Intermediate
436,IBM,Introduction to Data Analytics,COURSE,4.8,2477.0,70000.0,Beginner
437,"University of California, Davis",Geographic Information Systems  (GIS),SPECIALIZATION,4.8,5185.0,130000.0,Beginner
438,Duke University,Object Oriented Programming in Java,SPECIALIZATION,4.6,12275.0,470000.0,Beginner
439,DeepLearning.AI,Natural Language Processing with Classification and Vector Spaces,COURSE,4.6,2692.0,78000.0,Intermediate
440,University of Colorado Boulder,Algorithms for Battery Management Systems,SPECIALIZATION,4.7,1366.0,32000.0,Intermediate
441,"University of California, Irvine",An Introduction to Programming the Internet of Things (IOT),SPECIALIZATION,4.6,17220.0,410000.0,Beginner
442,École Polytechnique Fédérale de Lausanne,Effective Programming in Scala,COURSE,4.9,9.0,1600.0,Beginner
443,Moscow Institute of Physics and Technology,Машинное обучение и анализ данных,SPECIALIZATION,4.7,6235.0,97000.0,Intermediate
444,Google Cloud,From Data to Insights with Google Cloud Platform,SPECIALIZATION,4.6,3176.0,49000.0,Beginner
445,University of California San Diego,Big Data,SPECIALIZATION,4.5,12307.0,310000.0,Beginner
446,DeepLearning.AI,TensorFlow: Data and Deployment,SPECIALIZATION,4.6,1102.0,36000.0,Intermediate
447,LearnQuest,Swift 5 iOS Application Developer,SPECIALIZATION,4.5,639.0,19000.0,Beginner
448,DeepLearning.AI,Convolutional Neural Networks in TensorFlow,COURSE,4.7,6688.0,93000.0,Intermediate
449,Vanderbilt University,Android App Development,SPECIALIZATION,4.5,3140.0,190000.0,Beginner
450,Imperial College London,Mathematics for Machine Learning: Linear Algebra,COURSE,4.7,9769.0,240000.0,Beginner
451,IBM,Ciencia de Datos de IBM,PROFESSIONAL CERTIFICATE,4.6,85.0,2300.0,Beginner
452,Cloudera,Modern Big Data Analysis with SQL,SPECIALIZATION,4.8,1034.0,43000.0,Beginner
453,IBM,Analista de Datos de IBM,PROFESSIONAL CERTIFICATE,4.4,89.0,4300.0,Beginner
454,University of Toronto,"GIS, Mapping, and Spatial Analysis",SPECIALIZATION,4.9,1837.0,52000.0,Beginner
455,DeepLearning.AI,Natural Language Processing in TensorFlow,COURSE,4.6,5403.0,89000.0,Intermediate
456,DeepLearning.AI,Natural Language Processing with Probabilistic Models,COURSE,4.7,1109.0,34000.0,Intermediate
457,IBM,Data Visualization and Dashboards with Excel and Cognos,COURSE,4.7,589.0,16000.0,Beginner
458,University of Colorado Boulder,Spacecraft Dynamics and Control,SPECIALIZATION,4.8,318.0,22000.0,Advanced
459,Northwestern University,"Modern Robotics:  Mechanics, Planning, and Control",SPECIALIZATION,4.7,729.0,36000.0,Intermediate
460,Lund University,AI & Law,COURSE,4.7,51.0,3100.0,Mixed
461,DeepLearning.AI,"Custom Models, Layers, and Loss Functions with TensorFlow",COURSE,4.9,420.0,11000.0,Intermediate
462,University of California San Diego,Object Oriented Java Programming: Data Structures and Beyond,SPECIALIZATION,4.7,6399.0,310000.0,Intermediate
463,Johns Hopkins University,Mastering Software Development in R,SPECIALIZATION,4.3,1377.0,66000.0,Beginner
464,The Linux Foundation,"Open Source Software Development, Linux and Git",SPECIALIZATION,4.5,2113.0,49000.0,Beginner
465,University of Michigan,Extended Reality for Everybody,SPECIALIZATION,4.7,86.0,4500.0,Beginner
466,IBM,Introduction to Data Engineering,COURSE,4.7,71.0,4400.0,Beginner
467,University of California San Diego,Algorithmic Toolbox,COURSE,4.6,10667.0,380000.0,Intermediate
468,HSE University,Математика для анализа данных,SPECIALIZATION,4.7,22.0,1700.0,Beginner
469,DeepLearning.AI,Advanced Computer Vision with TensorFlow,COURSE,4.8,169.0,8200.0,Intermediate
470,HSE University,Машинное обучение: от статистики до нейросетей,SPECIALIZATION,4.5,13.0,2100.0,Intermediate
471,University of Colorado Boulder,"Algorithms for Searching, Sorting, and Indexing",COURSE,4.4,7.0,,Intermediate
472,University of California San Diego,Mathematical Thinking in Computer Science,COURSE,4.4,1834.0,100000.0,Beginner
473,DeepLearning.AI,Custom and Distributed Training with TensorFlow,COURSE,4.8,162.0,5300.0,Intermediate
474,IBM,"Penetration Testing, Incident Response and Forensics",COURSE,4.6,732.0,17000.0,Beginner
475,"University of California, Santa Cruz",C for Everyone: Programming Fundamentals,COURSE,4.5,3952.0,140000.0,Beginner
476,Moscow Institute of Physics and Technology,Разработка интерфейсов: вёрстка и JavaScript,SPECIALIZATION,4.4,1042.0,44000.0,Intermediate
477,The University of Sydney,Data-driven Astronomy,COURSE,4.8,1025.0,23000.0,Intermediate
478,Google Cloud,Architecting Hybrid Cloud Infrastructure with Anthos,SPECIALIZATION,4.7,336.0,7300.0,Intermediate
479,Berklee College of Music,Music for Wellness,COURSE,4.5,204.0,24000.0,Beginner
480,IBM,Ciencia de Datos Aplicada,SPECIALIZATION,4.8,23.0,,Beginner
481,University of Illinois at Urbana-Champaign,Cloud Computing,SPECIALIZATION,4.4,1784.0,150000.0,Intermediate
482,University of Toronto,Plant Bioinformatic Methods,SPECIALIZATION,4.7,1676.0,100000.0,Beginner
483,Coursera Project Network,Sentiment Analysis with Deep Learning using BERT,GUIDED PROJECT,4.5,328.0,11000.0,Intermediate
484,IBM,Bases de Inteligencia Artificial para Todos,PROFESSIONAL CERTIFICATE,4.7,126.0,3600.0,Beginner
485,University of Toronto,State Estimation and Localization for Self-Driving Cars,COURSE,4.7,673.0,33000.0,Advanced
486,IBM,Fundamentals of Scalable Data Science,COURSE,4.3,1856.0,57000.0,Beginner
487,DeepLearning.AI,Apply Generative Adversarial Networks (GANs),COURSE,4.8,310.0,9900.0,Intermediate
488,"University of California, Irvine",IELTS Writing Section Skills Mastery,COURSE,4.4,37.0,3400.0,Beginner
489,University of Colorado Boulder,Introduction to battery-management systems,COURSE,4.8,1242.0,28000.0,Intermediate
490,University of Washington,Social Media Data Analytics,COURSE,4.1,261.0,33000.0,Intermediate
491,IBM,IBM AI Enterprise Workflow,SPECIALIZATION,4.3,224.0,7900.0,Advanced
492,The Hong Kong University of Science and Technology,Matrix Algebra for Engineers,COURSE,4.8,2775.0,48000.0,Beginner
493,ESSEC Business School,Strategic Business Analytics,SPECIALIZATION,4.3,1155.0,84000.0,Advanced
494,Google Cloud,"Data Engineering, Big Data and ML on Google Cloud 日本語版",SPECIALIZATION,4.4,147.0,3600.0,Intermediate
495,West Virginia University,Sales Operations/Management,SPECIALIZATION,4.5,243.0,15000.0,Beginner
496,IBM,Deep Neural Networks with PyTorch,COURSE,4.4,887.0,24000.0,Intermediate
497,Peking University,Chinese for HSK 4,COURSE,4.8,578.0,30000.0,Intermediate
498,Coursera Project Network,Facial Expression Recognition with Keras,GUIDED PROJECT,4.5,909.0,21000.0,Intermediate
499,University of Zurich,An Intuitive Introduction to Probability,COURSE,4.7,1133.0,42000.0,Beginner
500,LearnQuest,Introduction to Programming in Swift 5,COURSE,4.5,522.0,14000.0,Beginner
501,University of Geneva,Simulation and modeling of natural processes,COURSE,4.2,267.0,28000.0,Mixed
502,Coursera Project Network,Detecting COVID-19 with Chest X-Ray using PyTorch,GUIDED PROJECT,4.6,289.0,9200.0,Intermediate
503,The University of Tokyo,Interactive Teaching（インタラクティブ・ティーチング）,COURSE,,,,Mixed
504,Imperial College London,Getting started with TensorFlow 2,COURSE,4.9,325.0,19000.0,Intermediate
505,IBM,Supervised Machine Learning: Regression,COURSE,4.8,103.0,4700.0,Intermediate
506,Macquarie University,Excel Power Tools for Data Analysis,COURSE,4.8,70.0,3500.0,Intermediate
507,University of California San Diego,Combinatorics and Probability,COURSE,4.6,741.0,34000.0,Beginner
508,Coursera Project Network,"Real-time OCR and Text Detection with Tensorflow, OpenCV and Tesseract",GUIDED PROJECT,3.8,125.0,6400.0,Advanced
509,Johns Hopkins University,Data Literacy,SPECIALIZATION,4.6,78.0,3400.0,Beginner
510,University of Washington,Machine Learning Foundations: A Case Study Approach,COURSE,4.6,12412.0,340000.0,Mixed
511,Politecnico di Milano,Archaeoastronomy,COURSE,4.6,1084.0,34000.0,Beginner
512,HSE University,Промышленное машинное обучение,SPECIALIZATION,,,,Intermediate
513,DeepLearning.AI,Browser-based Models with TensorFlow.js,COURSE,4.7,803.0,30000.0,Intermediate
514,IBM,"Introduction to Containers w/ Docker, Kubernetes & OpenShift",COURSE,4.3,122.0,12000.0,Beginner
515,École Polytechnique,Density Functional Theory,COURSE,4.9,31.0,2600.0,Advanced
516,University of Michigan,High Stakes Leadership: Leading in Times of Crisis,COURSE,4.6,213.0,13000.0,Mixed
517,IBM,Introduction to Deep Learning & Neural Networks with Keras,COURSE,4.7,866.0,17000.0,Intermediate
518,IBM,IBM Data Analyst Capstone Project,COURSE,4.6,165.0,6200.0,Intermediate
519,University of Pennsylvania,Introduction to Java and Object-Oriented Programming,COURSE,3.9,25.0,2600.0,Beginner
520,University of Toronto,Learn to Program: Crafting Quality Code,COURSE,4.6,631.0,50000.0,Mixed
521,DeepLearning.AI,Device-based Models with TensorFlow Lite,COURSE,4.7,478.0,17000.0,Intermediate
522,HSE University,Introduction to Deep Learning,COURSE,4.5,1774.0,160000.0,Advanced
523,University of Colorado Boulder,Kinematics: Describing the Motions of Spacecraft,COURSE,4.9,253.0,17000.0,Advanced
524,HSE University,Discrete Math and Analyzing Social Graphs,COURSE,4.4,397.0,26000.0,Mixed
525,LearnQuest,Developing AI Applications on Azure,COURSE,4.4,929.0,43000.0,Advanced
526,Coursera Project Network,Anomaly Detection in Time Series Data with Keras,GUIDED PROJECT,4.2,225.0,7400.0,Intermediate
527,National Research Tomsk State University,Теория Лжи. Профайлинг,COURSE,4.9,845.0,28000.0,Beginner
528,Imperial College London,Mathematics for Machine Learning: PCA,COURSE,4.0,2599.0,59000.0,Intermediate
529,MongoDB Inc.,MongoDB Aggregation Framework,COURSE,4.6,43.0,7900.0,Intermediate
530,University of California San Diego,Object Oriented Programming in Java,COURSE,4.7,5126.0,240000.0,Intermediate
531,Universidad Austral,Full Stack Web Development en Español,SPECIALIZATION,4.2,694.0,33000.0,Beginner
532,University at Buffalo,Blockchain Platforms,COURSE,4.6,831.0,20000.0,Intermediate
533,University of Michigan,JSON and Natural Language Processing in PostgreSQL,COURSE,4.9,18.0,,Intermediate
534,Google Cloud,"Smart Analytics, Machine Learning, and AI on GCP",COURSE,4.6,970.0,22000.0,Intermediate
535,Imperial College London,Customising your models with TensorFlow 2,COURSE,4.9,95.0,8200.0,Intermediate
536,"University of California, Irvine",The Arduino Platform and C Programming,COURSE,4.7,6424.0,160000.0,Mixed
537,Cloudera,Analyzing Big Data with SQL,COURSE,4.9,384.0,18000.0,Beginner
538,University of Virginia,Agile Analytics,COURSE,4.8,271.0,15000.0,Beginner
539,The University of Edinburgh,Data Science in Stratified Healthcare and Precision Medicine,COURSE,4.6,222.0,14000.0,Intermediate
540,Coursera Project Network,Data Analysis Using Pyspark,GUIDED PROJECT,4.4,142.0,5200.0,Intermediate
541,Google Cloud,Machine Learning with TensorFlow  Google Cloud Platform 日本語版,SPECIALIZATION,4.4,143.0,2600.0,Intermediate
542,IBM,Applied AI with DeepLearning,COURSE,4.4,1007.0,46000.0,Advanced
543,IBM,Introduction to Relational Databases (RDBMS),COURSE,4.6,9.0,,Beginner
544,Yonsei University,Wireless Communications for Everybody,COURSE,4.7,1918.0,40000.0,Beginner
545,Coursera Project Network,Introduction to Docker : The Basics,GUIDED PROJECT,4.4,112.0,3800.0,Beginner
546,Universidad Nacional Autónoma de México,Seguridad hídrica,COURSE,4.9,304.0,8400.0,Beginner
547,Moscow Institute of Physics and Technology,Обучение на размеченных данных,COURSE,4.8,2532.0,33000.0,Intermediate
548,University of Illinois at Urbana-Champaign,Data Analytics Foundations for Accountancy I,COURSE,4.3,28.0,6900.0,Mixed
549,Tsinghua University,Data Structures and Algorithms,SPECIALIZATION,2.5,26.0,12000.0,Intermediate
550,University of California San Diego,Number Theory and Cryptography,COURSE,4.5,491.0,28000.0,Beginner
551,IBM,Deep Learning and Reinforcement Learning,COURSE,4.7,38.0,3400.0,Intermediate
552,Google Cloud,Introduction to TensorFlow,COURSE,4.4,2563.0,36000.0,Intermediate
553,"University of California, Davis","GIS Data Formats, Design and Quality",COURSE,4.9,1822.0,31000.0,Intermediate
554,Johns Hopkins University,Algorithms for DNA Sequencing,COURSE,4.8,717.0,29000.0,Mixed
555,DeepLearning.AI,Data Pipelines with TensorFlow Data Services,COURSE,4.3,383.0,14000.0,Intermediate
556,HSE University,"Дискретная математика: подсчеты, графы, случайные блуждания",COURSE,4.9,17.0,,Beginner
557,Coursera Project Network,Getting Started with Tensorflow 2,GUIDED PROJECT,2.7,10.0,,Beginner
558,Google Cloud,Hybrid Cloud Infrastructure Foundations with Anthos,COURSE,4.7,260.0,6600.0,Intermediate
559,University of California San Diego,Delivery Problem,COURSE,4.7,334.0,17000.0,Beginner
560,Johns Hopkins University,The R Programming Environment,COURSE,4.4,1099.0,46000.0,Intermediate
561,Coursera Project Network,Perform Real-Time Object Detection with YOLOv3,GUIDED PROJECT,3.7,265.0,7900.0,Intermediate
562,DeepLearning.AI,Advanced Deployment Scenarios with TensorFlow,COURSE,4.7,360.0,14000.0,Intermediate
563,Coursera Project Network,Machine Learning with Docker,GUIDED PROJECT,3.9,15.0,,Beginner
564,University of Michigan,Django Features and Libraries,COURSE,4.8,213.0,15000.0,Intermediate
565,University of Illinois at Urbana-Champaign,Getting Started with CyberGIS,COURSE,,,,Beginner
566,University of Alberta,Agile Planning for Software Products,COURSE,4.8,1837.0,53000.0,Mixed
567,Intel,Introduction to Intel® Distribution of OpenVINO™ toolkit for Computer Vision Applications,COURSE,4.6,545.0,18000.0,Beginner
568,Coursera Project Network,Classification of COVID19 using Chext X-ray Images in Keras,GUIDED PROJECT,4.7,15.0,,Intermediate
569,University of Michigan,User Experience & Interaction Design for AR/VR/MR/XR,COURSE,4.8,26.0,,Intermediate
570,IBM,Building Deep Learning Models with TensorFlow,COURSE,4.3,551.0,11000.0,Intermediate
571,University of Toronto,Bioinformatic Methods I,COURSE,4.7,1412.0,90000.0,Beginner
572,Coursera Project Network,Deep Learning with PyTorch: Build a Neural Network,GUIDED PROJECT,4.3,22.0,,Intermediate
573,Coursera Project Network,Unsupervised Machine Learning for Customer Market Segmentation,GUIDED PROJECT,4.8,273.0,9100.0,Beginner
574,Coursera Project Network,Named Entity Recognition using LSTMs with Keras,GUIDED PROJECT,4.3,155.0,4300.0,Intermediate
575,Coursera Project Network,TensorFlow Serving with Docker for Model Deployment,GUIDED PROJECT,4.8,38.0,3900.0,Intermediate
576,IBM,Specialized Models: Time Series and Survival Analysis,COURSE,4.4,35.0,3200.0,Intermediate
577,IBM,Building AI Applications with Watson APIs,COURSE,4.3,548.0,10000.0,Intermediate
578,Google Cloud,Feature Engineering,COURSE,4.5,1633.0,24000.0,Intermediate
579,Coursera Project Network,Predicting the Weather with Artificial Neural Networks,GUIDED PROJECT,,,,Intermediate
580,Coursera Project Network,Deploy Machine Learning Model into AWS Cloud Servers,GUIDED PROJECT,4.5,22.0,,Intermediate
581,Coursera Project Network,Data Analytics en Power BI,GUIDED PROJECT,4.4,92.0,3300.0,Intermediate
582,Coursera Project Network,Introduction to Bash Shell Scripting,GUIDED PROJECT,4.5,477.0,9100.0,Beginner
583,Codio,Programming in Java: A Hands-on Introduction,SPECIALIZATION,4.4,6.0,,Beginner
584,The Linux Foundation,Linux for Developers,COURSE,4.5,1099.0,28000.0,Beginner
585,Google Cloud,"Data Engineer, Big Data and ML on Google Cloud en Français",SPECIALIZATION,4.4,28.0,1800.0,Intermediate
586,Technische Universität München (TUM),The Economics of Agro-Food Value Chains,COURSE,4.5,279.0,13000.0,Intermediate
587,Vanderbilt University,"Android App Components - Intents, Activities, and Broadcast Receivers",COURSE,4.2,686.0,39000.0,Mixed
588,Coursera Project Network,Using TensorFlow with Amazon Sagemaker,GUIDED PROJECT,4.6,89.0,5800.0,Advanced
589,Google Cloud,"Logging, Monitoring and Observability in Google Cloud",COURSE,4.7,95.0,6500.0,Beginner
590,ESSEC Business School,Foundations of strategic business analytics,COURSE,4.4,599.0,54000.0,Mixed
591,Coursera Project Network,Image Classification with CNNs using Keras,GUIDED PROJECT,4.4,534.0,12000.0,Intermediate
592,Coursera Project Network,Cleaning and Exploring Big Data using PySpark,GUIDED PROJECT,4.4,28.0,2100.0,Intermediate
593,Coursera Project Network,Predicting House Prices with Regression using TensorFlow,GUIDED PROJECT,4.5,467.0,11000.0,Beginner
594,University of Michigan,"Using JavaScript, JQuery, and JSON in Django",COURSE,4.8,166.0,16000.0,Intermediate
595,West Virginia University,Account Management & Sales Force Design,COURSE,4.5,178.0,11000.0,Mixed
596,Google Cloud,Applying Machine Learning to your Data with GCP,COURSE,4.7,807.0,13000.0,Intermediate
597,Coursera Project Network,Compare time series predictions of COVID-19 deaths,GUIDED PROJECT,4.5,19.0,,Intermediate
598,Moscow Institute of Physics and Technology,Основы HTML и CSS,COURSE,4.6,413.0,24000.0,Beginner
599,IBM,AI Capstone Project with Deep Learning,COURSE,4.5,329.0,7900.0,Advanced
600,Coursera Project Network,Bank Loan Approval Prediction With Artificial Neural Nets,GUIDED PROJECT,4.4,8.0,,Beginner
601,Google Cloud,Art and Science of Machine Learning,COURSE,4.6,1349.0,21000.0,Intermediate
602,Coursera Project Network,Building Machine Learning Pipelines in PySpark MLlib,GUIDED PROJECT,4.4,39.0,2000.0,Intermediate
603,University of California San Diego,Big Data Integration and Processing,COURSE,4.4,2255.0,63000.0,Beginner
604,Coursera Project Network,Inteligencia Artificial en Power BI,GUIDED PROJECT,4.8,39.0,1700.0,Intermediate
605,Coursera Project Network,Text Classification Using Word2Vec and LSTM on Keras,GUIDED PROJECT,4.4,10.0,,Intermediate
606,HSE University,Обработка больших данных,COURSE,,,,Intermediate
607,Coursera Project Network,Natural Language Processing for Stocks News Analysis,GUIDED PROJECT,,,,Beginner
608,Coursera Project Network,Getting Started with Rstudio,GUIDED PROJECT,4.7,24.0,,Beginner
609,Coursera Project Network,Learn Object Oriented Programming With C++,GUIDED PROJECT,4.0,71.0,3100.0,Intermediate
610,DeepLearning.AI,Neuronale Netze und Deep Learning,COURSE,,,,Intermediate
611,Coursera Project Network,Classify Radio Signals from Space using Keras,GUIDED PROJECT,4.5,239.0,6400.0,Intermediate
612,Coursera Project Network,Predict Sales Revenue with scikit-learn,GUIDED PROJECT,4.5,216.0,5300.0,Beginner
613,Coursera Project Network,Deploy Models with TensorFlow Serving and Flask,GUIDED PROJECT,4.5,182.0,7300.0,Intermediate
614,Coursera Project Network,Image Classification with Amazon Sagemaker,GUIDED PROJECT,4.6,89.0,4700.0,Advanced
615,HSE University,Линейная алгебра: от идеи к формуле,COURSE,,,,Beginner
616,Coursera Project Network,Principal Component Analysis with NumPy,GUIDED PROJECT,4.6,277.0,8200.0,Intermediate
617,Coursera Project Network,Getting Started With Game Development Using PyGame,GUIDED PROJECT,4.2,40.0,,Beginner
618,Coursera Project Network,Deep Learning with PyTorch : Build an AutoEncoder,GUIDED PROJECT,,,,Beginner
619,University of Michigan,البرمجة للجميع - بدء استخدام بايثون,COURSE,4.7,33.0,4800.0,Mixed
620,Google Cloud,Image Understanding with TensorFlow on GCP,COURSE,4.6,489.0,13000.0,Advanced
621,LearnQuest,Test-Driven Development Overview,COURSE,4.3,12.0,,Intermediate
622,Google Cloud,Architecting with Google Compute Engine en Français,SPECIALIZATION,4.6,51.0,2300.0,Intermediate
623,Coursera Project Network,Introduction to API Testing using JMeter Tool,GUIDED PROJECT,4.4,40.0,,Beginner
624,"University of California, Irvine",Interfacing with the Raspberry Pi,COURSE,4.7,1519.0,71000.0,Mixed
625,Coursera Project Network,Introduction to Docker: Build Your Own Portfolio Site,GUIDED PROJECT,4.6,195.0,6600.0,Beginner
626,Coursera Project Network,Getting Started with PyTorch,GUIDED PROJECT,2.6,10.0,,Beginner
627,Coursera Project Network,Perform Sentiment Analysis with scikit-learn,GUIDED PROJECT,4.5,402.0,9300.0,Intermediate
628,Coursera Project Network,Classification with Transfer Learning in Keras,GUIDED PROJECT,4.5,149.0,5300.0,Intermediate
629,IBM,AI Workflow: Business Priorities and Data Ingestion,COURSE,4.3,134.0,3900.0,Intermediate
630,Coursera Project Network,Image Colorization using TensorFlow 2 and Keras,GUIDED PROJECT,,,,Beginner
631,Coursera Project Network,Neural Network from Scratch in TensorFlow,GUIDED PROJECT,4.5,259.0,9300.0,Intermediate
632,Coursera Project Network,Build local development environments using Docker containers,GUIDED PROJECT,4.7,79.0,2500.0,Intermediate
633,IBM,بايثون لعلوم البيانات والذكاء الصناعي,COURSE,,,,Beginner
634,University of Toronto,GIS Data Acquisition and Map Design,COURSE,4.9,475.0,17000.0,Beginner
635,LearnQuest,A Practical Introduction to Test-Driven Development,COURSE,4.0,8.0,,Intermediate
636,"University of California, Irvine","Intro to Analytic Thinking, Data Science, and Data Mining",COURSE,4.1,41.0,2200.0,Intermediate
637,IBM,Full Stack Cloud Development Capstone Project,COURSE,,,,Intermediate
638,Coursera Project Network,Image Compression with K-Means Clustering,GUIDED PROJECT,4.6,275.0,7700.0,Beginner
639,Saint Petersburg State University,Введение в физиологию (Introduction to physiology),COURSE,4.8,32.0,10000.0,Intermediate
640,Coursera Project Network,Simple Nearest Neighbors Regression and Classification,GUIDED PROJECT,4.7,7.0,,Intermediate
641,Coursera Project Network,Generating New Recipes using GPT-2,GUIDED PROJECT,4.3,30.0,2500.0,Intermediate
642,University of Pennsylvania,Inheritance and Data Structures in Java,COURSE,4.2,12.0,,Beginner
643,Universidade de São Paulo,Laboratório de Programação Orientada a Objetos - Parte 1,COURSE,4.8,13.0,,Intermediate
644,IBM,AI Workflow: Feature Engineering and Bias Detection,COURSE,4.4,59.0,2400.0,Advanced
645,University of California San Diego,Basic Data Processing and Visualization,COURSE,4.3,162.0,16000.0,Intermediate
646,HSE University,Математическая статистика и А/В тестирование,COURSE,,,,Intermediate
647,Coursera Project Network,Using Covid-19 Data to Make Supply Chain Logistics Decisions in Spreadsheets,GUIDED PROJECT,4.4,170.0,4200.0,Beginner
648,Coursera Project Network,Transfer Learning for Food Classification,GUIDED PROJECT,4.7,61.0,3700.0,Beginner
649,Coursera Project Network,English/French Translator: Long Short Term Memory Networks,GUIDED PROJECT,4.7,42.0,2600.0,Beginner
650,Coursera Project Network,Understanding Deepfakes with Keras,GUIDED PROJECT,4.4,147.0,6600.0,Advanced
651,Coursera Project Network,TensorFlow for CNNs: Learn and Practice CNNs,GUIDED PROJECT,4.4,29.0,,Intermediate
652,Coursera Project Network,Medical Diagnosis using Support Vector Machines,GUIDED PROJECT,4.5,52.0,1900.0,Intermediate
653,Coursera Project Network,Basic Sentiment Analysis with TensorFlow,GUIDED PROJECT,4.5,193.0,6900.0,Intermediate
654,Coursera Project Network,Covid-19 Cases Forecasting Using Fbprophet,GUIDED PROJECT,,,,Intermediate
655,Coursera Project Network,Avoid Overfitting Using Regularization in TensorFlow,GUIDED PROJECT,4.8,71.0,4300.0,Intermediate
656,Coursera Project Network,TensorFlow for AI: Computer Vision Basics,GUIDED PROJECT,4.0,38.0,3700.0,Intermediate
657,Coursera Project Network,Ansible Basics & Installing WordPress on LAMP with Playbooks,GUIDED PROJECT,4.6,29.0,,Beginner
658,Coursera Project Network,TensorFlow for AI: Get to Know Tensorflow,GUIDED PROJECT,4.3,46.0,3600.0,Intermediate
659,Coursera Project Network,Simple Recurrent Neural Network with Keras,GUIDED PROJECT,4.5,112.0,5300.0,Intermediate
660,Coursera Project Network,Facial Expression Classification Using Residual Neural Nets,GUIDED PROJECT,4.6,56.0,3600.0,Beginner
661,Coursera Project Network,Pneumonia Classification using PyTorch,GUIDED PROJECT,,,,Intermediate
662,Coursera Project Network,Convolutions for Text Classification with Keras,GUIDED PROJECT,4.7,115.0,3900.0,Intermediate
663,Coursera Project Network,Logistic Regression 101: US Household Income Classification,GUIDED PROJECT,,,,Beginner
664,Coursera Project Network,Build Multilayer Perceptron Models with Keras,GUIDED PROJECT,4.5,93.0,3600.0,Intermediate
665,Coursera Project Network,Selenium Grid - Running Selenium tests in parallel,GUIDED PROJECT,4.7,18.0,,Beginner
666,Coursera Project Network,Building Similarity Based Recommendation System,GUIDED PROJECT,4.4,25.0,,Intermediate
667,University of Illinois at Urbana-Champaign,Data Analytics in Accounting Capstone,COURSE,,,1600.0,Intermediate
668,Coursera Project Network,Regression with Automatic Differentiation in TensorFlow,GUIDED PROJECT,4.7,59.0,4300.0,Beginner
669,Coursera Project Network,Serve Scikit-Learn Models for Deployment with BentoML,GUIDED PROJECT,,,,Intermediate
670,Universidad Austral,"Desarrollo del lado servidor: NodeJS, Express y MongoDB",COURSE,4.1,92.0,10000.0,Beginner
671,HSE University,Статистические методы анализа данных,COURSE,,,,Intermediate
672,IBM,AI Workflow: Data Analysis and Hypothesis Testing,COURSE,4.2,88.0,2500.0,Advanced
673,"University of California, Irvine","Predictive Modeling, Model Fitting, and Regression Analysis",COURSE,4.3,19.0,,Intermediate
674,Codio,Java Basics: Selection and Iteration,COURSE,4.7,6.0,,Beginner
675,University of California San Diego,Deploying Machine Learning Models,COURSE,3.5,46.0,8200.0,Mixed
676,LearnQuest,Integrating Test-Driven Development into Your Workflow,COURSE,,,,Intermediate
677,Coursera Project Network,Creating Database Tables with SQL,GUIDED PROJECT,4.6,282.0,6600.0,Intermediate
678,Coursera Project Network,Build NLP pipelines using scikit-learn,GUIDED PROJECT,4.1,17.0,,Advanced
679,Coursera Project Network,Deep Learning with PyTorch : Convolutional Neural Network,GUIDED PROJECT,,,,Intermediate
680,Coursera Project Network,Hierarchical Clustering: Customer Segmentation,GUIDED PROJECT,4.2,90.0,3100.0,Intermediate
681,Coursera Project Network,TensorFlow for CNNs: Transfer Learning,GUIDED PROJECT,4.5,8.0,,Intermediate
682,Coursera Project Network,The Pytorch basics you need to start your ML projects,GUIDED PROJECT,,,,Intermediate
683,Coursera Project Network,Predicting Salaries with Decision Trees,GUIDED PROJECT,,,,Intermediate
684,Coursera Project Network,Image Data Augmentation with Keras,GUIDED PROJECT,4.6,435.0,9000.0,Intermediate
685,Coursera Project Network,Starting GUI Programming with JavaFX,GUIDED PROJECT,4.6,37.0,,Intermediate
686,Coursera Project Network,Analizando sentimientos y entidades en textos con Azure,GUIDED PROJECT,4.8,6.0,,Beginner
687,Coursera Project Network,Apply advanced testing for your Django web application,GUIDED PROJECT,,,,Advanced
688,Coursera Project Network,Image Noise Reduction with Auto-encoders using TensorFlow,GUIDED PROJECT,4.7,104.0,4500.0,Intermediate
689,Coursera Project Network,TensorFlow for CNNs: Object Recognition,GUIDED PROJECT,4.4,25.0,,Intermediate
690,Coursera Project Network,"Machine Learning:  Predict Numbers from Handwritten Digits using a Neural Network, Keras, and R",GUIDED PROJECT,4.4,66.0,4600.0,Intermediate
691,Coursera Project Network,TensorFlow for CNNs: Multi-Class Classification,GUIDED PROJECT,4.4,17.0,,Intermediate
692,Coursera Project Network,Hyperparameter Tuning with Neural Network Intelligence,GUIDED PROJECT,4.7,30.0,2700.0,Intermediate
693,Coursera Project Network,Evaluate Machine Learning Models with Yellowbrick,GUIDED PROJECT,4.8,48.0,2800.0,Intermediate
694,Tsinghua University,Data Structures and Algorithms (IV),COURSE,2.7,7.0,2500.0,Intermediate
695,Coursera Project Network,Support Vector Machines with scikit-learn,GUIDED PROJECT,4.3,301.0,7400.0,Beginner
696,IBM,Ciencia de Datos Aplicada - Curso Capstone,COURSE,,,,Intermediate
697,Coursera Project Network,Object Localization with TensorFlow,GUIDED PROJECT,4.3,26.0,,Intermediate
698,Coursera Project Network,Fine Tune BERT for Text Classification with TensorFlow,GUIDED PROJECT,4.6,61.0,3000.0,Intermediate
699,Wesleyan University,Data Management and Visualization,COURSE,4.4,876.0,73000.0,Mixed
700,Coursera Project Network,Utilize LinkedIn for Career Search,GUIDED PROJECT,4.6,59.0,2200.0,Intermediate
701,Coursera Project Network,Transfer Learning for NLP with TensorFlow Hub,GUIDED PROJECT,4.8,82.0,2600.0,Intermediate
702,Coursera Project Network,Portfolio Diversification using Correlation Matrix,GUIDED PROJECT,4.6,198.0,4900.0,Intermediate
703,Coursera Community Project Network,Brain Tumor Classification Using Keras,GUIDED PROJECT,4.7,19.0,,Intermediate
704,Coursera Project Network,Tweet Emotion Recognition with TensorFlow,GUIDED PROJECT,4.8,34.0,2200.0,Intermediate
705,Coursera Community Project Network,Regression using Scikit-Learn,GUIDED PROJECT,,,,Intermediate
706,University of Washington,Data Manipulation at Scale: Systems and Algorithms,COURSE,4.3,748.0,57000.0,Mixed
707,Coursera Project Network,Semantic Segmentation with Amazon Sagemaker,GUIDED PROJECT,4.7,50.0,3600.0,Advanced
708,Coursera Project Network,Creating Multi Task Models With Keras,GUIDED PROJECT,4.6,14.0,,Intermediate
709,Coursera Project Network,Optimize TensorFlow Models For Deployment with TensorRT,GUIDED PROJECT,4.6,33.0,1800.0,Intermediate
710,Coursera Community Project Network,Exploratory Time Series Analysis,GUIDED PROJECT,4.8,10.0,,Beginner
711,Coursera Project Network,Create Your First NoSQL Database with MongoDB and Compass,GUIDED PROJECT,4.5,26.0,2500.0,Intermediate
712,DeepLearning.AI,الشبكات العصبية والتعلم العميق,COURSE,4.6,9.0,3200.0,Intermediate
713,"University of California, Irvine",Natural Language Processing and Capstone Assignment,COURSE,4.4,13.0,,Intermediate
714,Coursera Project Network,Hyperparameter Tuning with Keras Tuner,GUIDED PROJECT,4.3,8.0,,Intermediate
715,Universitat Autònoma de Barcelona,Clasificación de imágenes: ¿cómo reconocer el contenido de una imagen?,COURSE,4.3,74.0,14000.0,Mixed
716,"University of California, Irvine","Cluster Analysis, Association Mining, and Model Evaluation",COURSE,4.6,21.0,,Intermediate
717,Pontificia Universidad Católica de Chile,"Equilibrio, ¿por qué se caen las cosas?",COURSE,4.5,24.0,6800.0,Beginner
718,IBM,AI Workflow: Enterprise Model Deployment,COURSE,4.2,42.0,1800.0,Advanced
719,DeepLearning.AI,Réseaux neuronaux et Deep Learning,COURSE,,,,Intermediate
720,Universidad Austral,Introducción al procesamiento de lenguaje natural,COURSE,,,,Beginner
721,University of Illinois at Urbana-Champaign,Cloud Computing Project,COURSE,4.1,32.0,5400.0,Mixed
722,Coursera Project Network,Building Candlestick Charts with Tableau,GUIDED PROJECT,4.4,95.0,3800.0,Beginner
723,LearnQuest,Writing Java Application Code,COURSE,4.3,12.0,,Intermediate
724,Google Cloud,Intro to TensorFlow en Español,COURSE,4.4,115.0,3500.0,Intermediate
725,Coursera Project Network,Statistical Data Visualization with Seaborn,GUIDED PROJECT,4.6,151.0,6500.0,Intermediate
726,Wesleyan University,Data Analysis and Interpretation Capstone,COURSE,4.7,38.0,3300.0,Mixed
727,Johns Hopkins University,Data Literacy Capstone – Evaluating Research,COURSE,,,,Intermediate
728,Coursera Project Network,Analyze Text Data with Yellowbrick,GUIDED PROJECT,4.4,79.0,4700.0,Intermediate
729,Coursera Project Network,"Save, Load and Export Models with Keras",GUIDED PROJECT,4.6,91.0,3600.0,Intermediate
730,Coursera Project Network,TensorFlow for NLP: Text Embedding and Classification,GUIDED PROJECT,3.8,11.0,,Intermediate
731,Coursera Project Network,TensorFlow for CNNs: Data Augmentation,GUIDED PROJECT,4.4,11.0,,Intermediate
732,Coursera Project Network,Fashion Image Classification using CNNs in Pytorch,GUIDED PROJECT,,,,Intermediate
733,Coursera Project Network,Recognizing Shapes in Images with OpenCV,GUIDED PROJECT,,,,Intermediate
734,Coursera Project Network,Visual Machine Learning with Yellowbrick,GUIDED PROJECT,4.7,70.0,3500.0,Intermediate
735,Coursera Project Network,Creating Custom Callbacks in Keras,GUIDED PROJECT,4.7,66.0,3200.0,Intermediate
736,Coursera Project Network,Mining Quality Prediction Using Machine & Deep Learning,GUIDED PROJECT,4.8,33.0,3100.0,Beginner
737,Coursera Project Network,Plots (Graphics) for Data Science,GUIDED PROJECT,4.1,64.0,2500.0,Beginner
738,Coursera Project Network,Malaria parasite detection using ensemble learning in Keras,GUIDED PROJECT,,,,Intermediate
739,Coursera Project Network,Test your Django views and forms using Selenium,GUIDED PROJECT,,,,Intermediate
740,Rice University,The Fundamentals of Computing Capstone Exam,COURSE,4.8,107.0,2900.0,Intermediate
741,Coursera Project Network,TensorFlow for AI: Neural Network Representation,GUIDED PROJECT,4.3,14.0,,Intermediate
742,Coursera Project Network,Use Commands and Create a Remote Git Repository,GUIDED PROJECT,4.4,23.0,,Intermediate
743,Coursera Project Network,TensorFlow for AI: Applying Image Convolution,GUIDED PROJECT,4.6,12.0,,Intermediate
744,Coursera Project Network,Getting Started with Blazor WASM,GUIDED PROJECT,4.6,14.0,,Intermediate
745,IBM,Trabalho de conclusão de Ciência de Dados Aplicada,COURSE,,,,Intermediate
746,Coursera Project Network,Visualización de datos con Seaborn,GUIDED PROJECT,,,,Beginner
747,IBM,مؤثرات عرض البيانات باستخدام لغة بايثون,COURSE,,,,Intermediate
748,Coursera Project Network,Perform Feature Analysis with Yellowbrick,GUIDED PROJECT,4.8,52.0,2600.0,Intermediate
749,Google Cloud,Intro to TensorFlow 日本語版,COURSE,3.8,10.0,,Intermediate
750,Coursera Project Network,Developing a Connect Four Game using Java OOP,GUIDED PROJECT,,,,Intermediate
751,Coursera Project Network,Predict Career Longevity for NBA Rookies using Scikit-learn,GUIDED PROJECT,,,,Beginner
752,IBM,Заключительный курс по теме «Прикладная наука о данных»,COURSE,,,,Intermediate
753,Coursera Project Network,Build a simple API-driven e-commerce application,GUIDED PROJECT,,,,Intermediate
754,Coursera Project Network,Preparing Data for Machine Learning Models,GUIDED PROJECT,,,,Intermediate
755,University of Washington,Data Science at Scale - Capstone Project,COURSE,4.1,22.0,2200.0,Mixed
756,Coursera Project Network,JavaScript Numbers: Properties and Methods,GUIDED PROJECT,4.9,15.0,,Beginner
757,IBM,كابستون علوم البيانات التطبيقية,COURSE,,,,Intermediate
758,Coursera Project Network,Hospedando Website Estático (HTML/CSS/Javascript) no AWS S3,GUIDED PROJECT,,,,Beginner
759,Coursera Project Network,نهج هندسي لتحليل الجينوم: الانحراف ومنحنى زد,GUIDED PROJECT,,,,Intermediate
760,Coursera Project Network,Introdução a Machine Learning em uma Competição do Kaggle,GUIDED PROJECT,,,,Beginner
761,Coursera Project Network,How to Make Image Editing Selections in GIMP,GUIDED PROJECT,4.8,24.0,,Intermediate
762,Coursera Project Network,Predict Gas Guzzlers using a Neural Net Model on the MPG Data Set,GUIDED PROJECT,4.7,29.0,,Intermediate
763,Google Cloud,Reliable Cloud Infrastructure: Design and Process en Français,COURSE,4.2,6.0,,Intermediate
764,Coursera Project Network,Hierarchical Clustering using Euclidean Distance,GUIDED PROJECT,,,,Intermediate
765,University of Colorado Boulder,"Dynamic Programming, Greedy Algorithms",COURSE,,,,Advanced
766,Coursera Project Network,و تحميل البيانات و إخراجهاPandas شرح أساسيات استخدام,GUIDED PROJECT,,,,Beginner
767,Microsoft,Process Data with Microsoft Azure Synapse Link for Cosmo DB,GUIDED PROJECT,,,,Intermediate
768,Wesleyan University,Data Analysis and Interpretation,SPECIALIZATION,4.4,1273.0,130000.0,Beginner
769,LearnQuest,Java as a Second Language,SPECIALIZATION,4.2,57.0,,Intermediate
770,Universidad de los Andes,Principios de ingeniería de software automatizada y ágil Programa de Certificado MasterTrack®,MASTERTRACK™ CERTIFICATE,,,,
771,Universidad de los Andes,Metodologías ágiles de desarrollo de software Programa de Certificado MasterTrack®,MASTERTRACK™ CERTIFICATE,,,,
772,University of Chicago,Machine Learning for Analytics MasterTrack™ Certificate,MASTERTRACK™ CERTIFICATE,,,,
773,IIT Roorkee,Data Science and Machine Learning Certificate,MASTERTRACK™ CERTIFICATE,,,,
774,Tufts University,Data Analytics for Managers MasterTrack® Certificate,MASTERTRACK™ CERTIFICATE,,,,
775,IIT Roorkee,Advanced Machine Learning and AI Certificate,MASTERTRACK™ CERTIFICATE,,,,
776,Imperial College London,Master of Machine Learning and Data Science,DEGREE,,,,
777,Universidad de los Andes,Maestría en Ingeniería de Software,DEGREE,,,,
778,Universidad de los Andes,Maestría en Inteligencia Analítica de Datos,DEGREE,,,,
779,University of Colorado Boulder,Master of Science in Data Science,DEGREE,,,,
780,HSE University,Master of Data Science,DEGREE,,,,
781,Google Cloud,Developing Applications with Google Cloud Platform,SPECIALIZATION,4.7,40988.0,510000.0,Intermediate
782,École Polytechnique Fédérale de Lausanne,Digital Signal Processing,SPECIALIZATION,4.5,414.0,27000.0,Intermediate
783,DeepLearning.AI,AI for Medical Diagnosis,COURSE,4.7,1520.0,43000.0,Intermediate
784,University of Toronto,Introduction to Self-Driving Cars,COURSE,4.7,2191.0,100000.0,Advanced
785,University of Illinois at Urbana-Champaign,VLSI CAD Part I: Logic,COURSE,4.7,442.0,34000.0,Intermediate
786,DeepLearning.AI,Natural Language Processing with Attention Models,COURSE,4.4,581.0,28000.0,Intermediate
787,Moscow Institute of Physics and Technology,Разработка веб-сервисов на Go - основы языка,COURSE,4.7,510.0,31000.0,Intermediate
788,University of Illinois at Urbana-Champaign,VLSI CAD Part II: Layout,COURSE,4.8,252.0,15000.0,Intermediate
789,École Polytechnique Fédérale de Lausanne,Functional Programming Principles in Scala,COURSE,4.8,7768.0,190000.0,Intermediate
790,"University of California, Irvine",Getting Started with Go,COURSE,4.6,1597.0,38000.0,Intermediate
791,Codio,Programming in C++: A Hands-on Introduction,SPECIALIZATION,4.4,40.0,1700.0,Beginner
792,IBM,Applied Data Science Capstone,COURSE,4.7,5361.0,77000.0,Intermediate
793,Google,Troubleshooting and Debugging Techniques,COURSE,4.7,1902.0,58000.0,Beginner
794,University of Michigan,Sports Performance Analytics,SPECIALIZATION,,,,Intermediate
795,HSE University,Введение в машинное обучение,COURSE,4.7,2375.0,110000.0,Mixed
796,University of Alberta,Prediction and Control with Function Approximation,COURSE,4.8,626.0,14000.0,Intermediate
797,IBM,Scalable Machine Learning on Big Data using Apache Spark,COURSE,3.8,1193.0,18000.0,Intermediate
798,University of Toronto,Visual Perception for Self-Driving Cars,COURSE,4.7,445.0,28000.0,Advanced
799,École Polytechnique Fédérale de Lausanne,Digital Signal Processing 1: Basic Concepts and Algorithms,COURSE,4.6,337.0,24000.0,Intermediate
800,Coursera Project Network,XG-Boost 101: Used Cars Price Prediction,GUIDED PROJECT,4.6,10.0,,Intermediate
801,University of Illinois at Urbana-Champaign,Introduction to Accounting Data Analytics and Visualization,COURSE,4.8,339.0,17000.0,Beginner
802,University of Toronto,Motion Planning for Self-Driving Cars,COURSE,4.8,371.0,25000.0,Advanced
803,LearnQuest,Data Processing with Azure,COURSE,3.7,56.0,5800.0,Intermediate
804,University of California San Diego,Introduction to Graph Theory,COURSE,4.5,835.0,38000.0,Beginner
805,Technical University of Denmark (DTU),Introduction to advanced tomography,COURSE,4.8,28.0,2400.0,Mixed
806,Moscow Institute of Physics and Technology,"Разработка веб-сервисов на Golang, часть 2",COURSE,4.8,137.0,9000.0,Intermediate
807,IBM,Supervised Machine Learning: Classification,COURSE,4.9,67.0,3800.0,Intermediate
808,IBM,Unsupervised Machine Learning,COURSE,4.8,57.0,3500.0,Intermediate
809,Coursera Project Network,Getting Started with Quantum Machine Learning,GUIDED PROJECT,,,,Advanced
810,Databricks,Introduction to Bayesian Statistics,COURSE,,,,Beginner
811,École Polytechnique Fédérale de Lausanne,Functional Program Design in Scala,COURSE,4.5,3035.0,55000.0,Intermediate
812,Coursera Project Network,Predictive Modelling with Azure Machine Learning Studio,GUIDED PROJECT,4.5,226.0,9200.0,Beginner
813,IBM,Базы данных и SQL в обработке и анализе данных,COURSE,,,,Beginner
814,Coursera Project Network,Breast Cancer Prediction Using Machine Learning,GUIDED PROJECT,,,,Intermediate
815,Google Cloud,Production Machine Learning Systems,COURSE,4.6,851.0,19000.0,Advanced
816,École Polytechnique Fédérale de Lausanne,Digital Signal Processing 2: Filtering,COURSE,4.7,119.0,8200.0,Intermediate
817,École Polytechnique Fédérale de Lausanne,Big Data Analysis with Scala and Spark,COURSE,4.7,2462.0,87000.0,Mixed
818,Coursera Project Network,Object Detection with Amazon Sagemaker,GUIDED PROJECT,4.5,91.0,6700.0,Advanced
819,Coursera Project Network,Predicting Financial Time Series with Tensorflow 2,GUIDED PROJECT,3.7,9.0,,Intermediate
820,Databricks,Introduction to PyMC3 for Bayesian Modeling and Inference,COURSE,,,,Beginner
821,Google Cloud,Securing and Integrating Components of your Application,COURSE,4.6,1229.0,17000.0,Intermediate
822,Coursera Project Network,TensorFlow for CNNs: Image Segmentation,GUIDED PROJECT,4.0,21.0,,Intermediate
823,Coursera Project Network,Image Super Resolution Using Autoencoders in Keras,GUIDED PROJECT,4.4,320.0,8300.0,Advanced
824,University of Michigan,"Foundations of Sports Analytics: Data, Representation, and Models in Sports",COURSE,,,,Mixed
825,Databricks,Bayesian Inference with MCMC,COURSE,,,,Beginner
826,University at Buffalo,Data Analysis and Visualization,COURSE,4.3,18.0,2100.0,Beginner
827,HSE University,Основы машинного обучения,COURSE,4.5,11.0,,Intermediate
828,University of Illinois at Urbana-Champaign,Visualization for Data Journalism,COURSE,4.5,42.0,5200.0,Beginner
829,Coursera Project Network,AWS Lambda and API Gateway Basics - Build Serverless website,GUIDED PROJECT,4.1,16.0,,Beginner
830,Coursera Project Network,Building Recommendation System Using MXNET on AWS Sagemaker,GUIDED PROJECT,,,,Advanced
831,IBM,Herramientas para la ciencia de datos,COURSE,4.3,15.0,,Beginner
832,École Polytechnique Fédérale de Lausanne,Digital Signal Processing 3: Analog vs Digital,COURSE,4.8,54.0,6700.0,Intermediate
833,Coursera Project Network,Hand Gesture Recognition using Tensorflow and Keras,GUIDED PROJECT,4.5,8.0,,Beginner
834,Coursera Project Network,Audio Classification with TensorFlow,GUIDED PROJECT,,,,Intermediate
835,Coursera Project Network,Siamese Network with Triplet Loss in Keras,GUIDED PROJECT,4.6,97.0,3500.0,Advanced
836,HSE University,"Probability Theory, Statistics and Exploratory Data Analysis",COURSE,4.7,267.0,18000.0,Mixed
837,IBM,Bancos de dados e SQL para Ciência de Dados,COURSE,,,,Beginner
838,Google Cloud,"App Deployment, Debugging, and Performance",COURSE,4.6,1067.0,19000.0,Intermediate
839,École Polytechnique Fédérale de Lausanne,Digital Signal Processing 4: Applications,COURSE,4.8,41.0,6100.0,Intermediate
840,Google Cloud,Google Cloud Platform Big Data and Machine Learning Fundamentals 日本語版,COURSE,4.5,136.0,3400.0,Intermediate
841,Infosec,"Execution, persistence, privilege escalation and evasion",COURSE,,,,Intermediate
842,Google Cloud,Google Cloud Platform Big Data and Machine Learning Fundamentals en Español,COURSE,4.7,608.0,17000.0,Intermediate
843,Google Cloud,Sequence Models for Time Series and Natural Language Processing,COURSE,4.4,455.0,14000.0,Advanced
844,University of Colorado Boulder,M2M & IoT Interface Design & Protocols for Embedded Systems,COURSE,,,,Intermediate
845,Coursera Project Network,Building COVID-19 Dashboard using Dash & Plotly,GUIDED PROJECT,,,,Beginner
846,Northwestern University,"Modern Robotics, Course 2:  Robot Kinematics",COURSE,4.9,225.0,9600.0,Intermediate
847,École Polytechnique Fédérale de Lausanne,Parallel programming,COURSE,4.4,1793.0,54000.0,Intermediate
848,Rice University,Principles of Computing (Part 1),COURSE,4.8,550.0,29000.0,Intermediate
849,École Polytechnique Fédérale de Lausanne,Parallel programming (Scala 2 version),COURSE,,,,Intermediate
850,IBM,Bases de datos y SQL para ciencia de datos,COURSE,4.2,10.0,,Beginner
851,Moscow Institute of Physics and Technology,Прикладные задачи анализа данных,COURSE,4.4,720.0,17000.0,Intermediate
852,Moscow Institute of Physics and Technology,Построение выводов по данным,COURSE,4.7,1001.0,21000.0,Advanced
853,Coursera Project Network,Generate Synthetic Images with DCGANs in Keras,GUIDED PROJECT,4.5,235.0,7300.0,Advanced
854,Coursera Project Network,Graduate Admission Prediction with Pyspark ML,GUIDED PROJECT,4.7,15.0,,Intermediate
855,Coursera Project Network,Building Your First Chatbot Using Rasa Framework 2.0,GUIDED PROJECT,3.3,7.0,,Beginner
856,University of Minnesota,Engineering Practices for Building Quality Software,COURSE,4.5,159.0,10000.0,Intermediate
857,Rice University,Principles of Computing (Part 2),COURSE,4.8,334.0,17000.0,Mixed
858,Northwestern University,"Modern Robotics, Course 3:  Robot Dynamics",COURSE,4.7,122.0,7000.0,Intermediate
859,Coursera Project Network,Introduction to C++ Programming: Create a Tic-Tac-Toe Game,GUIDED PROJECT,,,,Beginner
860,Coursera Project Network,Predict Employee Turnover with scikit-learn,GUIDED PROJECT,4.4,239.0,7500.0,Intermediate
861,Coursera Project Network,Deep Learning Inference with Azure ML Studio,GUIDED PROJECT,4.8,118.0,6100.0,Beginner
862,Coursera Project Network,Custom Prediction Routine on Google AI Platform,GUIDED PROJECT,4.6,417.0,13000.0,Intermediate
863,Sungkyunkwan University,The Fundamental of Data-Driven Investment,COURSE,,,,Beginner
864,École Polytechnique Fédérale de Lausanne,Functional Programming Principles in Scala (Scala 2 version),COURSE,,,,Intermediate
865,University of Washington,Machine Learning: Clustering & Retrieval,COURSE,4.6,2217.0,84000.0,Mixed
866,Northwestern University,"Modern Robotics, Course 4:  Robot Motion Planning and Control",COURSE,4.9,87.0,7300.0,Intermediate
867,Coursera Project Network,TensorFlow for NLP: Semantic Similarity in Texts,GUIDED PROJECT,3.2,14.0,,Intermediate
868,Coursera Project Network,Fake Instagram Profile Detector,GUIDED PROJECT,4.2,14.0,,Beginner
869,Coursera Project Network,Exploratory Data Analysis with Seaborn,GUIDED PROJECT,4.6,335.0,8400.0,Intermediate
870,Coursera Project Network,Medical Image Classification using Tensorflow,GUIDED PROJECT,,,,Advanced
871,Coursera Project Network,Build Space Invaders using Pygame,GUIDED PROJECT,,,,Intermediate
872,Google Cloud,Google Cloud Platform Big Data and Machine Learning Fundamentals en Français,COURSE,4.3,22.0,1600.0,Intermediate
873,Coursera Project Network,Analyzing Video with OpenCV and NumPy,GUIDED PROJECT,4.5,50.0,2300.0,Intermediate
874,Coursera Project Network,Use Jenkins to Automate Software Build and Test,GUIDED PROJECT,3.3,12.0,,Intermediate
875,Alberta Machine Intelligence Institute,Machine Learning Algorithms: Supervised Learning Tip to Tail,COURSE,4.7,340.0,11000.0,Mixed
876,Coursera Project Network,Diabetes Prediction With Pyspark MLLIB,GUIDED PROJECT,4.6,8.0,,Intermediate
877,Universidad de los Andes,Desarrollo de Videojuegos en Unity: Una Introducción,COURSE,4.4,257.0,30000.0,Beginner
878,Moscow Institute of Physics and Technology,Поиск структуры в данных,COURSE,4.7,1426.0,20000.0,Intermediate
879,Moscow Institute of Physics and Technology,Анализ данных: финальный проект,COURSE,4.7,319.0,3600.0,Advanced
880,IBM,AI Workflow: AI in Production,COURSE,4.5,39.0,2100.0,Advanced
881,University of California San Diego,Design Thinking and Predictive Analytics for Data Products,COURSE,4.5,61.0,7400.0,Intermediate
882,Coursera Project Network,Build a Classification Model using PyCaret,GUIDED PROJECT,,,,Beginner
883,Coursera Project Network,Covid-19 Death Medical Analysis & Visualization using Plotly,GUIDED PROJECT,,,,Beginner
884,Coursera Project Network,Introduction to C++ Programming: Build a Calculator,GUIDED PROJECT,4.2,22.0,,Beginner
885,Coursera Project Network,Build Random Forests in R with Azure ML Studio,GUIDED PROJECT,4.8,52.0,4400.0,Beginner
886,Coursera Project Network,Interpretable Machine Learning Applications: Part 4,GUIDED PROJECT,,,,Intermediate
887,Coursera Project Network,Create Custom Layers in Keras,GUIDED PROJECT,4.6,98.0,3700.0,Intermediate
888,Coursera Project Network,Neural Style Transfer with TensorFlow,GUIDED PROJECT,4.6,110.0,4100.0,Intermediate
889,Coursera Project Network,Creando un modelo de lenguaje natural con Spacy,GUIDED PROJECT,,,,Intermediate
890,University of Michigan,Prediction Models with Sports Data,COURSE,,,,Mixed
891,Universidad Nacional Autónoma de México,Razonamiento artificial,COURSE,4.1,84.0,5900.0,Intermediate
892,Universidad Nacional Autónoma de México,Resolución de problemas por búsqueda,COURSE,4.6,15.0,3500.0,Beginner
893,Coursera Project Network,Machine Learning Pipelines with Azure ML Studio,GUIDED PROJECT,4.6,397.0,16000.0,Beginner
894,Universitat Pompeu Fabra of Barcelona,Audio Signal Processing for Music Applications,COURSE,4.8,263.0,44000.0,Intermediate
895,DeepLearning.AI,Analyze Datasets and Train ML Models using AutoML,COURSE,,,,Advanced
896,Wesleyan University,Data Analysis Tools,COURSE,4.5,395.0,42000.0,Mixed
897,University of Minnesota,Matrix Methods,COURSE,4.1,170.0,6900.0,Intermediate
898,Northwestern University,"Modern Robotics, Course 5:  Robot Manipulation and Wheeled Mobile Robots",COURSE,4.7,62.0,5400.0,Intermediate
899,Alberta Machine Intelligence Institute,Optimizing Machine Learning Performance,COURSE,4.6,36.0,5100.0,Mixed
900,Coursera Community Project Network,Time series forecasting with Prophet,GUIDED PROJECT,4.2,10.0,,Intermediate
901,Moscow Institute of Physics and Technology,1C:Enterprise Junior Developer Course,COURSE,,,,Beginner
902,Alberta Machine Intelligence Institute,Data for Machine Learning,COURSE,4.4,83.0,6000.0,Intermediate
903,Wesleyan University,Regression Modeling in Practice,COURSE,4.4,268.0,33000.0,Mixed
904,Northwestern University,"Modern Robotics, Course 6:  Capstone Project, Mobile Manipulation",COURSE,4.9,39.0,4400.0,Intermediate
905,IBM,"AI Workflow: Machine Learning, Visual Recognition and NLP",COURSE,4.5,60.0,2600.0,Advanced
906,DeepLearning.AI,"Build, Train, and Deploy ML Pipelines using BERT",COURSE,,,,Advanced
907,Google Cloud,Google Cloud Platform Big Data and Machine Learning Fundamentals em Português Brasileiro,COURSE,4.8,58.0,,Intermediate
908,New York Institute of Finance,Introduction to Risk Management,COURSE,,,,Beginner
909,University of Pennsylvania,Robotics: Capstone,COURSE,4.6,103.0,,Mixed
910,Coursera Project Network,Create a Superhero Name Generator with TensorFlow,GUIDED PROJECT,,,,Intermediate
911,Alibaba Cloud Academy,Big Data Analysis Deep Dive,COURSE,,,,Intermediate
912,IBM,Machine Learning Rapid Prototyping with IBM Watson Studio,COURSE,,,,Intermediate
913,Universidad Nacional Autónoma de México,Creatividad computacional,COURSE,,,2300.0,Intermediate
914,Coursera Project Network,Jet Fighters Game using Pygame,GUIDED PROJECT,,,,Beginner
915,Coursera Project Network,Tracking Objects in Video with Particle Filters,GUIDED PROJECT,,,,Advanced
916,Google Cloud,Serverless Data Analysis with Google BigQuery and Cloud Dataflow em Português Brasileiro,COURSE,4.7,18.0,,Intermediate
917,Coursera Project Network,Intro to Programming With C#: Build A Word Guessing Game,GUIDED PROJECT,,,,Beginner
918,École Polytechnique Fédérale de Lausanne,Functional Program Design in Scala (Scala 2 version),COURSE,,,,Intermediate
919,Google Cloud,Leveraging Unstructured Data with Cloud Dataproc on Google Cloud Platform em Português Brasileiro,COURSE,4.6,13.0,,Intermediate
920,Coursera Project Network,Regression Analysis with Yellowbrick,GUIDED PROJECT,4.6,76.0,3000.0,Intermediate
921,Coursera Project Network,Machine Learning with H2O Flow,GUIDED PROJECT,4.8,97.0,3800.0,Intermediate
922,Coursera Project Network,A Geometrical Approach to Genome Analysis: Skew & Z-Curve,GUIDED PROJECT,,,,Intermediate
923,Google Cloud,Serverless Machine Learning with Tensorflow on Google Cloud Platform auf Deutsch,COURSE,,,,Intermediate
924,Coursera Project Network,Program Automation of devices using Packet Tracer,GUIDED PROJECT,,,,Beginner
925,Coursera Project Network,تعلم C عن طريق عمل function تقوم برسم شكل شجرة,GUIDED PROJECT,,,,Beginner
926,Coursera Project Network,Build a Clustering Model using PyCaret,GUIDED PROJECT,,,,Beginner
927,Coursera Project Network,Curso Completo de Deep Learning,GUIDED PROJECT,,,,Intermediate
928,Google Cloud,Serverless Machine Learning with Tensorflow on Google Cloud Platform em Português Brasileiro,COURSE,4.4,13.0,,Intermediate
929,Coursera Project Network,Fast Typer Game using Pygame,GUIDED PROJECT,,,,Beginner
930,Coursera Project Network,Explorando lenguaje natural con NLTK,GUIDED PROJECT,,,,Beginner
931,Coursera Project Network,تعلم C عن طريق عمل Array-based Stack,GUIDED PROJECT,,,,Beginner
932,DeepLearning.AI,Optimize ML Models and Deploy Human-in-the-Loop Pipelines,COURSE,,,,Advanced
933,Coursera Project Network,Visualization of UK accidents using Plotly Express,GUIDED PROJECT,,,,Intermediate
934,Coursera Project Network,Redes neuronales convolucionales con Keras,GUIDED PROJECT,,,,Intermediate
935,Coursera Project Network,تحليل المجموعات الهرمية باستخدام المسافات الإقليدية,GUIDED PROJECT,,,,Intermediate
936,DeepLearning.AI,Practical Data Science,SPECIALIZATION,,,,Advanced
937,Coursera Project Network,أساسيات تحليل البيانات باستخدام بايثون وباندا,GUIDED PROJECT,,,,Beginner
938,Coursera Project Network,Getting Started with Tensorflow.js,GUIDED PROJECT,,,,Intermediate
939,Coursera Project Network,تعلّم أساسيات البرمجة بلغة بايثون من خلال التطبيق العملي,GUIDED PROJECT,,,,Beginner
940,IBM,تحليل البيانات باستخدام بايثون,COURSE,,,,Beginner
941,IBM,التعلّم الآلي باستخدام لغة بايثون,COURSE,,,,Intermediate
942,Coursera Project Network,تعرَف على هياكل البيانات في بايثون من خلال التطبيق العملي,GUIDED PROJECT,,,,Beginner
943,University of London,Bachelor of Science in Computer Science,DEGREE,,,,
944,University of Michigan,Master of Applied Data Science,DEGREE,,,,
945,University of Pennsylvania,Master of Computer and Information Technology,DEGREE,,,,
946,University of Illinois,Master of Business Administration (iMBA),DEGREE,,,,
947,University of Illinois at Urbana-Champaign,Master of Science in Accounting,DEGREE,,,,
948,Coursera Project Network,Tensorflow Neural Networks using Deep Q-Learning Techniques,GUIDED PROJECT,2.7,17.0,,Advanced
